Song,RB1,RB2,RB3,NRB1,NRB2,NRB3
26-2,,,,,410,
34 Skidoo,,,,,,395
502 Blues,166,,,,,
52nd Street Theme,,100,,,,
728,,319,,,,
A Ballad For Doll,,,,,,48
A Child Is Born,,,,,60,
A Day In Vienna,,78,,,,
A Flower Is A Lovesome Thing,,108,,,,
A Ghost Of A Chance,,128,,,,142
A Japanese Waltz,,,162,,,
A Little Chicago Fire,,222,,,,
A Little Tear,,,,203,,
A Lotus On Irish Streams,,,186,,,
A Nightingale Sang in Berkeley Square,,,220,,273,
A Pretty Girl Is Like A Melody,,,250,,,
A Quiet Place,,,,,313,
A Sleepin' Bee,,,,335,,
A Walkin' Thing,,388,,,,
A Weaver Of Dreams,,,,411,,
Ablution,,8,,,,
Actual Proof,,,,,,11
"Aerie, The",,,,,,13
Affirmation,,8,,14,,
Afro-Centric,,,,,13,
After The Rain,,,,,15,
After You,,,8,,,
After You've Gone,,,9,,17,
Ain't Misbehavin',,,10,,18,
Ain't That Peculiar,,,,,,15
Airegin,,,,15,,
Airmail Special,,10,,,,
Aja's Theme,,,,,,20
Alanjuneally,,,13,,,
Alfie,14,,,,,
Alfie's Theme,,11,,,,
All Alone,,12,,,,
All God's Chillun Got Rhythm,,13,,,,
All My Tomorrows,28,,,,,
All Of Me,29,,,16,,
All Of You,30,,,,,
All Or Nothing At All,,,11,442,,
All The Things You Are,31,,,17,,
Almost Like Being In Love,,,,,,22
Alone Together,32,,,,,
Along Came Betty,,,14,,19,
Altoitis,,14,,,,
Always And Forever,,,15,,,
Always There,,,,18,,
American Gothic,,,,,,23
Ana Maria,33,,,20,,
(And) It All Goes 'Round And 'Round,,,,,,25
"And Now, The Queen",35,,,,,
And On The Third Day,36,,,,,
Angel Eyes,37,,,22,,
Angela,,,16,,,
Another Star,,15,,,,27
Another Time,,,,,,29
Anthropology,38,,,24,,
Appointment In Ghana,,,,,,31
April,,17,,,,
April In Paris,39,,,,,
April Joy,40,,,,,
April Skies,,16,,,,
Arietas,,,,,,34
"Arise, Her Eyes",41,,,,,
Armageddon,43,,,,,
Armando's Rhumba,,,17,,,
Around Again,35,,,,,
As Time Goes By,44,,,,,
Asa,,,,,21,
Ask Me Now,,19,,,,
Au Privave,45,,,,,
Autumn In 3,,,19,,,
Autumn In New York,46,,,,,
Autumn Leaves,49,,,25,,
Autumn Nocturne,,,20,,,
Autumn Serenade,,,,,,37
Avalon,,20,,,,
Avalon Place,,,21,,,
Avance,,,,,23,
"Ay, Arriba!",47,,,,,
Baby Come To Me,,,,,,43
Baby It's Cold Outside,,,,,25,
"Baby, I Love You",,,,26,,
Backstage Sally,,21,,,,45
Bags And Trane,,22,,,,
Bags' Groove,,23,,,,
Baja Bajo,,,,,27,
Ballad For Anita,,,22,,,
Ballad For Trane,,,23,,,
Ballad For Two Musicians,,,,,,49
Ballet,50,,,,,
Ba-Lue Bolivar Ba-Lues-Are,,27,,,,
Barbados,,24,,,,
Barbara,,25,,,,
Basin Street Blues,,26,,28,,
Bass Blues,,,,,29,
Batterie,51,,,,,
Be Bop,,28,,,,
Be My Love,,,25,,,
Beautiful Friendship,,,24,,,
Beautiful Love,52,,,29,,
Beauty And The Beast,53,,,,32,
Beethoven's Blue 3rd,,28,,,,
Beneath It All,54,,,,,
Bernie's Tune,,,31,30,,
Beside Myself,,,27,,,
"Bess, You Is My Woman Now",,,29,,,
Bessie's Blues,55,,,,33,
Best Thing For You Is Me,,,32,,,
Better Git It In Your Soul,,29,33,,,
Bewitched,56,,,,,
Beyond All Limits,,30,,,,
Beyond The Bluebird,,,34,,,
Big Nick,57,,,,,
Big P,,411,,,,
Billie's Bounce,,31,,,,
Bill's Hit Tune,,412,,,,
Bird Food,,,,31,,
Bird Of Beauty,,,,,,53
Birdland,,33,,,,
Birk's Works,,44,,,,
Birth Of The Blues,,32,,,,
Bitter Suite In The Ozone,58,,,,,
Black And Blue,,,,,34,
Black And Tan Fantasy,,35,,,,
Black Coffee,,,,,35,
Black Diamond,59,,,,,
Black Ice,,,,32,,
Black Monday,15,,,,,
Black Narcissus,60,,,34,,
Black Nile,61,,,,,56
Black Orpheus,62,,,,,
Blame It On My Youth,,,,35,,
Blessed Relief,63,,,,,
Blizzard Of Lies,,,,36,,
Bloomdido,,36,,,,
Blue And Sentimental,,37,,,,
Blue Bossa,64,,,38,,
Blue Comedy,65,,,,,
Blue Daniel,,,35,39,,
Blue In Green,66,,,,,
Blue Monk,67,,,,,
Blue Moon,,38,,,,57
Blue Room,68,,,,,
Blue Seven,,40,,,,
Blue Silver,,42,,,,
Blue Spirits,,,,,,59
Blue Train,71,,,,,
Blue Tuesday,,,,,,64
Bluebird,,,36,,,
Blues A La Mode,,39,,,,
Blues Backstage,,,37,,,
Blues By Five,,40,,,,
Blues Connotation,,39,,40,,
Blues For Alice,70,,,,38,
Blues For Philly Joe,,41,,,,
Blues For Wood,,41,,,,
Blues For Yna Yna,,,,,39,
Blues In The Closet,,43,,,,
Blues On The Corner,,,,41,,
Bluesette,69,,,,,
Body and Soul,72,,,,41,65
Bohemia After Dark,,413,,,,
Bolivia,,,38,,43,
Boogie Down,,,,42,,
Boogie Stop Shuffle,,45,,,,
Booker's Waltz,,46,,,,
Bop Boy,,,41,,,
Bop Shop,,,39,,,
Boplicity,73,,,,,
Born To Be Blue,,,42,,,
Bossa Rokka,,,43,,,
Boston Marathon,74,,,,,
Both Sides Of The Coin,,,,48,,
Bouncin' With Bud,,47,,50,,
"Boy Next Door, The",,,44,,46,
Brainville,75,,,,,
Brazilian Beat,,48,,,,
Breakfast Wine,,,,52,,
Breakin' Away,,,,54,,
Brian's Song,,49,,,,
Bright Boy,,50,,,,
Bright Moments,,51,,,,
Bright Size Life,77,,,,,
Brilliant Corners,,52,,,,
Broadway Blues,78,,,,,
Brothers Of The Bottom Row,,,,,,68
Brown Skin Girl,,53,,,,
Brownout,79,,,,,
B-Sting,,,,,,39
Bud Powell,,,45,,,73
Budo,,54,,,,
Bud's Blues,,,47,,,
Bud's Bubble,,55,,,,
Bunko,,56,,,,
Bu's Delight,,,,,,69
Busch-Wacked,,,48,,,
Buster Rides Again,,44,,,,
But Beautiful,80,,,57,,
But Not For Me,,57,,,,
Butterfly,81,,,,,75
Buzzy,,,49,,,
By Myself,,,50,,,
Bye Bye Baby,,,51,,,
Bye Bye Blackbird,,58,,,47,
Byrdlike,,414,,,,
C Jam Blues,,62,,,,
Cafe,,,,,49,
Can't Stop The Wind,,,,,,77
Can't We Be Friends,,59,,,,
Canyon Song,85,,,,,
Capim,,,,,51,
Captain Marvel,83,,,,,
Caravan,,60,,,,83
Careful,,61,52,,,
Careless Love,,62,,,,
Casa Forte,,,,,53,
Catch Me,,63,,,,
Celia,,,53,,,
Central Park West,169,,,,55,
Ceora,86,,,,,86
"Certain Smile, A",,,55,,,
C'est What,,64,,,,
Chain Of Fools,,,,58,,
Chairs And Children,,,,,,87
Chameleon,,65,,,,
Change Of Mind,,,,60,,
Chariots,,,56,,,
Charmed Circle,,,,,57,
"Chase, The",,66,,,,
Chasin' The Train,,69,,,,
Cheek To Cheek,,,57,,,
Cheese Cake,,67,,,,
Chega De Saudade,87,,,62,,
Chelsea Bells,89,,,,,
Chelsea Bridge,90,,,64,,
Cherokee,91,,,,59,
Cheryl,,,60,,,
Chicken Feathers,92,,,,,
Chick's Tune,,,,,,89
Children's Song,93,,,,,
Chippie,98,,,,,
Choices,,,,,61,
Chromazone,,,,,63,
Circle,,68,,,,
Circular Motion,,,,,,91
Cirrus,,,,,,95
Clockwise,,,,,67,
Close Enough For Love,,,61,,,
Close Your Eyes,,,,,,99
Cold Duck Time,,,,,68,
Colors Of Chloe,95,,,,,
Come Rain Or Come Shine,,70,,,,
Come Sunday,101,,,65,,
Comin' Home Baby,,71,,,,
Como En Vietnam,99,,,,,
Compared To What,,,,66,,
Compensation,,,62,,,
Con Alma,102,,,,,
Conception,103,,,,,
Conference Of The Birds,104,,,,,
Confessin (That I Love You),,72,,,,
Confirmation,105,,,,,
Contemplation,16,,,,,
Cookin',,73,,,,
Cool Blues,,71,,,,
Cool Eyes,,,63,,,
Cool Green,,,,,,100
Coral,106,,,,,
Corcovado,107,,,,,
"Core, The",,73,,,,
Cork 'N' Bib,,77,,,,
Cottontail,108,,,,,
Could It Be You,109,,,,,
Countdown,110,,,,,
Country Roads,111,,,,,
Cousin Mary,,69,,,,
Crazeology,,74,,,,
Creek,,,,69,,
Creepin',,,,,,101
Crescent,112,,,,,
Criss Cross,,75,,,69,
Cry Me A River,,,65,,,
Crystal Love,,,,70,,
Crystal Silence,113,,,,,
Cubano Chant,,,,72,,
Cute,,76,,,,
D Minor Mint,,,,,,104
Daahoud,114,,,,,
Dacapolypso,,,67,,,
"Daddy's Girl, Cynthia",,,,,,105
Dancing In The Street,,,,,,107
Dancing On The Ceiling,115,,,,,
Darius Dance,,,,,,109
Darn That Dream,116,,,74,,
Day By Day,,,,,72,
Day Dream,,,66,,,111
"Day In Vienna, A",,78,,,,
"Day In, Day Out",,,69,,,
Day Waves,119,,,,,
Days And Nights Waiting,117,,,,,
"Days Of Wine And Roses, The",118,,,,,
De Pois De Amor O'vazio,123,,,,,
Dear Lord,,,,,73,
Dear Old Stockholm,121,,,,,
Dearly Beloved,120,,,75,,
Decision,,415,,,,
Dee Song,,,,,75,
Deep Purble,,79,,,,
Delevans,,,,76,,
Delgado,,,,,78,
Delores,122,,,,,
Deluge,129,,,,,
Desafinado,125,,,78,,
Desert Air,127,,,,,
Desire,,,,80,,
Detour Ahead,,,,,80,
Devil May Care,,,,,81,
Dewey Square,,80,,,,
Dexter,,,,,,112
Dexterity,130,,,,,
Diane,,81,,,,
Dienda,,,,,,114
Dig,,,71,83,,
Dindi,,82,,84,,
"Disguise, The Sphinx, The",17,,,,,
Divertamento,,,,,,115
Django,133,,,,83,
Do Nothing 'Til You Hear From Me,,84,,444,,
Do You Know What It Means (To Miss New Orl,,87,,,,
Doce Presenca,,,,,85,
Dogs In The Wine Shop,,,,,87,
Doin' The Pig,131,,,,,
Dolphin Dance,135,,,,,118
"Dolphin, The",134,,,,,
Domingo,,83,,,,
Domino Biscuit,136,,,,,
Donna Lee,137,,,,,
Don't Ask Why,,,73,,,119
Don't Be That Way,,,,,,120
Don't Blame Me,138,,,,,
Don't Ever Go Away,,,74,,,
Don't Forget The Poet,,,,,89,
Don't Get Around Much Anymore,139,,,445,,
Don't Go To Strangers,,,,87,,
Don't Look Back,,,75,,,
Doors,,,,88,,
Double Clutching,,,77,,,
"Double Up, The",,,,,,122
Down For Double,,85,,,,
Doxy,,86,,,,
Dream Dancing,,,78,,,
Dreamin',,,,,,123
"Drive, The",,88,,,,
Duff,,77,,,,
"Duke, The",140,,,,91,
E.K.'s Blues,,99,,,,
E.S.P.,154,,,103,,
Early Autumn,,89,,89,,
East Of The Sun,,,79,,,
Easy,,,,90,,
Easy Living,142,,,,,
Easy To Love,143,,,,,
Ecaroh,,,,,93,
Ecclusiastics,144,,,,,
Eclypso,,90,,,,
Eiderdown,145,,,,,
Eighty One,147,,,92,,
Einbahnstrasse,,99,,,,
El Gaucho,148,,,,,126
Elizette,149,,,,,
Elm,,,,94,,
Elora,,91,,,,
Emanon,,,80,,,
Embraceable You,,92,,,,
Emily,,,81,,,127
Empathy,150,,,,,
Enchance,,93,,,,
"End Of A Love Affair, The",,,82,,,
Endangered Species,,,,96,,
Endlessly,,,83,,,
Epilogue,,94,,,,
Epistrophy,151,,,,,
Equinox,152,,,,97,
Equipoise,153,,,,,
Escher Sketch,,,,,100,
Estate,,,85,,,
Eternal Child,,,,,107,
Eternal Triangle,,,86,,,
Evening In Convert,,95,,,,
Every Time We Say Goodbye,,,87,,,
Everything Happens To Me,,,89,104,,
Everything I Have Is Yours,,96,,,,128
Everything I Love,,,90,,,
Exactly Like You,,,,,110,
Exercise #3,155,,,,,
Exercise #6,156,,,,,
Expression,,,,,111,
Eye Of The Hurricane,,97,,,,
Ezz-Thetic,,98,,,,
Fables Of Faubus,157,,,,,
Fall,159,,,106,,
Fall With Me,,,,,,129
Falling Grace,160,,,,112,
Falling In Love With Love,161,,,,,
Farmer's Market,,,,107,,
Father,,,91,,,
Favela,,,92,108,,
Fee-Fi-Fo-Fum,162,,,,,
Feel Like Makin' Love,,,93,109,,
Feelings And Things,163,,,,,
Feels So Good,,101,,,,
"Fields We Know, The",164,,,,,
Filthy McNasty,,,,,113,
Fire,,,,110,,
First Light,,,,111,,
First Moves,,103,,,,
First Trip,,104,,,,
Five Brothers,,105,,,,
Five Hundred Miles High,165,,,,115,
Five Spot After Dark,,111,,,,
Flags,169,,,,,
Flamingo,,,,,117,
Flim Flam,,106,,,,
Flintstone's Theme,,107,,,,
"Flower Is A Lovesome Thing, A",,108,,,,
Fly By Night,,109,,,,
Fly Me To The Moon,,113,,,118,
Flying Home,,112,,,,
Follow Your Heart,167,,,,,
Foolkiller,,,,112,,
Fools Rush In,,114,,,,
Footprints,170,,,113,,
For All We Know,,,,,,132
For Heaven's Sake,172,,94,,,
For Minors Only,,115,,,,
Forest Flower,171,,,,,
Forever,,,,,119,
Fortune Smiles,173,,,,,
Four,174,,,114,,
Four Brothers,,116,,116,,
Four On Six,175,,,117,,
Four Winds,176,,,,,
Fox Hunt,,117,,,,
Freddie Froo,,118,,,,
Free,,123,,,,
"Free Cell Block ""F"", 'Tis Nazi U.S.A.",,119,,,,
Freedie The Freeloader,177,,,,,
Freedom Jazz Dance,178,,,,122,
Freedomland,,,,,,133
Freight Trane,,,95,,,
French Waltz,,,96,,,
Friday Night At The Cadillac Club,,,,,123,
Friday The 13th,,121,97,,,
Friends,,,,,126,
Friends And Strangers,,,,118,,
From Day To Day,,,,,,135
From Now On,,,98,,,
From The Heart,,,99,,,
From This Moment On,,,101,,,
Full Moon And Empty Arms,,,102,,,
Funk Dumplin',,111,,,,
Funkallero,,,103,121,,
Funky,,123,,,,
Games People Play,,124,,,,
Gary's Waltz,179,,,,,
Gaviota,,,105,122,,
"Gee Baby, Ain't I Good To You",,,,125,,
Gemini,180,,,126,,
General Mojo's Well Laid Plan,181,,,,,
"Gentle Rain, The",182,129,,,,138
Gentle Wind and Falling Tear,,125,,,,
Georgia,,126,,,,
Geraldine,,,,,127,
Gertrude's Bounce,,,,,129,
Get Happy,,,,,131,
Get Out Of Town,,127,,,,
Get Ready,,,,,,139
Gettin' It Togetha',,124,,,,
"Ghost Of A Chance, A",,128,,,,142
Giant Steps,183,,,,133,
"Girl From Ipanema, The",184,,,,,
Girl Talk,,129,,,,
Gloria's Step,185,,,131,,
Gnu Blu,,,104,,,
God Bless The Child,186,,,,,
Godchild,,,107,,,
Goin' Home,,,,132,,
Golden Lady,187,,,,,
Golden Notebooks,,131,,,,
Gone With The Wind,,,108,137,,
Good Bait,,130,,,,
"Good Evening, Mr. And Mrs. America",189,,,,,
"Good Morning, Heartache",,,,446,,
Goodbye,,,109,,,
"Goodbye Look, The",,,,138,,
Goodbye Porkpie Hat,188,,,,,
Got A Match?,,,110,,134,
Grand Central,191,,,,,143
Green Dolphin Street,192,,,,,
Green Mountains,193,,,,,
Gregory Is Here,,133,,,135,
Groove Merchant,,135,,,,
Groove Yard,,136,,,,
Groovin' High,194,,,,,
Groovy Samba,,137,,,,
Grow Your Own,195,,,,,
Growing,,,,,138,
Guaruja,,,,142,,
Gush,,,,,,145
H & H,,,119,,,
Hackensack,,138,,,,
Half Nelson,197,,,,,
Hallucinations,,139,,144,,
Happy Little Sunbeam,,140,,,,
Hard Eights,,,,,,149
Harlem Nocturne,,,111,,139,
Harlequin,,143,,,,
Hassan's Dream,198,,,,,
Haunted Ballroom,,,,147,,
Have You Met Miss Jones,199,,,,,
Havona,,141,,148,,
Head And Shoulders,,144,,,,
Heartsong,,,113,,,
Heat Wave,,,,,,151
Heaven,200,,,,,
Hello,,147,,,,
"Hello, Young Lovers",201,,,,,
Henninger Flats,203,,,,,
Here's That Rainy Day,204,,,150,,
Here's That Sunny Day,,145,,,,
Herzog,205,,,,,153
Hey There,207,,,,,
Hi Beck,,148,,,,
Hideaway,,,,152,,
Hi-Fly,,414,,,141,
High Hopes,,,115,,,
High Wire The Aerialist,,,117,,,
Ho-Ba-La-La,,149,,,,
Hocus Pocus,,150,,,,
"Hold On, I'm Coming",,,,,,156
Hold Out Your Hand,208,,,,,
Honeysuckle Rose,,,,,146,
Horacescope,,153,,,147,
Horizon,,151,,,,
Hot House,,,120,,,
Hotel Hello,211,,,,,
Hotel Overture,209,,,,,
Hotel Vamp,210,,,,,
House Of Jade,214,,,,,
How About You,,,121,,,
How Deep Is The Ocean,,,122,,,
How High The Moon,215,,,,,
How Insensitive,216,,,,,
How Long Has This Been Going On,,,123,,,
How My Heart Sings,217,,,,,
How Sweet It Is,,,,,,157
"Hullo, Bolinas",218,,,,,
Hummin',,154,,,,
Humpty Dumpty,,155,,,,
I Believe In You,,157,,,149,
I Can't Get Started,221,,,,,
I Can't Help It,,,,,,159
I Concentrate On You,,,125,,,
I Could Write A Book,222,,,,,
I Cover The Waterfront,,159,,,,
I Didn't Know What Time It Was,,,124,,,
I Fall In Love Too Easily,,,127,,,162
I Get A Kick Out Of You,,165,,,,
I Got It Bad,226,,,,,163
I Hadn't Anyone Till You,,,,,152,
I Hear A Rhapsody,,167,,,,166
I Heard It Through The Grapevine,,,,,,167
I Left My Heart In San Francisco,,,128,,,
I Let A Song Go Out Of My Heart,227,,,,,
I Love Lucy,,,,155,,
I Love You,228,,,,,
"I Loves You, Porgy",,,135,,,
I Mean You,232,,,156,,
I Need You Here,,,129,,,
I Remember Clifford,248,,,,,
I Remember You,,176,,,,
I Should Care,250,,,158,,
I Thought About You,,181,,159,153,
I Wanted To Say,,,,,,171
I Will Wait For You,,186,,,,
I Wish You Love,,,131,,,
Icarus,219,,,,,
Ice Cream Konitz,,156,,,,
Ictus,51,,,,,
Ida Lupino,223,,,,,
Idol Gossip,,160,,,,
If I Loved You,,162,,,,
If I Should Lose You,,162,,,,
If I Were A Bell,,163,,160,,
If You Could See Me Now,,164,,,,177
If You Never Come To Me,225,,,163,,
I'll Be Around,,,133,,157,
I'll Be Seeing You,,,136,,,
I'll Close My Eyes,,,137,,,
I'll Get By,,,,,160,
I'll Remember April,231,,,,,
I'll Take Romance,,,138,164,,
Ill Wind,,,149,,162,
Illuminados,,,,,163,
I'm A Fool To Want You,,168,,,,
I'm Afraid,19,,,,,
I'm All Smiles,229,,,166,,
I'm Getting Sentimental Over You,,170,,,,172
I'm Glad There Is You,,,139,,165,
I'm Losing You,,,,,,173
I'm Old Fashioned,,,140,168,,
I'm Through With Love,,,141,,,175
I'm Your Pal,234,,,,,
Imagination,,169,,169,,
Impressions,233,,,,166,
In A Capricornian Way,,,150,,,
In A Mellow Tone,235,,,,,180
In A Sentimental Mood,236,,,,,181
In Case You Haven't Heard,,171,,,,
In Case You Missed It,,,,,,183
In Her Family,,,151,,,
In Love In Vain,,,152,,,
In Love With Night,,,,,,186
In Pursuit Of The 27th Man,,174,,,,
In The Days Of Our Love,,,153,,,
In The Wee Small Hours Of The Morning,,,,,168,
In Walked Bud,,175,,171,,
In Your Own Sweet Way,245,,,,169,
In Your Quiet Place,246,,,,,
Incentive,,172,,,,
Inchworm,237,,,,,
Indian Lady,238,,,,,
Indian Summer,,,155,,,
Indiana,,173,,,,
Inner Urge,242,,,,,187
Inside In,239,,,,,
Interplay,243,,,,,
Intrepid Fox,244,,,,,
Invitation,247,,,,,189
Iris,249,,,,,
Irv's At Midnight,,,156,,,
Is It Really True?,,178,,,,
Isfahan,,,157,,172,
Island Birdie,,177,,,,
"Island, The",,,,172,,
Isn't It Romantic,251,,,,,
Isoar,,,,,,191
Isotope,252,,,,,194
Israel,253,,,,,
It All Goes 'Round And 'Round,,,,,,25
It Always Is,,,,,,195
It Could Happen To You,,179,,,,
It Don't Mean A Thing (If It Ain't Got Tha,254,,,,173,
It Had To Be You,,180,,,,
It Happens Every Day,,,,174,,
It Might As Well Be Spring,,183,,,,
It Never Entered My Mind,,,158,,,
It's A Raggy Waltz,255,,,,,
It's All Right With Me,,,159,,,
It's Only A Paper Moon,,182,,,174,
It's The Talk Of The Town,,,,,175,
It's You,,,,,177,
It's You Or No One,,,161,,,
I've Found A New Baby,,185,,,,
I've Got A Crush On You,,,142,,,
I've Got The World On A String,,,143,,180,
I've Got You Under My Skin,,,145,,,
I've Got Your Number,,,,,181,
I've Grown Accustomed To Your Face,,,147,,,
I've Never Been In Love Before,,,148,,184,
Jackie,,186,,,,
Jaco,,187,,,,
Jacob's Ladder,,,,,185,
"Japanese Waltz, A",,,162,,,
Je Ne Sais Pas,,189,,,,
Jean De Fleur,,,,,,199
Jeannine,,188,,,,
Jelly Roll,256,,,,,
Jersey Bounce,,,163,177,,
Jinrikisha,257,,,,,
"Jitterbug Waltz, The",,191,165,,,201
Jive Samba,,,164,,,
"Jody Grind, The",,190,,,,
John's Waltz,,,,,,202
"Joint Is Jumpin', The",,,,,485,
Jordu,258,,,,187,
Jorgie's,,193,,,,
Joshua,,,,178,,
Journey To Recife,259,,,,,
Joy Spring,260,,,,,
Joy To The World,,195,,,,
Joyce's Samba,,194,,,,
Ju-Ju,261,,,,,
Julian,,,169,,,
Jump For Me,,196,,,,
Jump Monk,263,,,,,
Jumping With Symphony Sid,,195,,,,
"June 15th, 1967",265,,,,,
Juntos,,,,,189,
Just A Few,,197,,,,
Just A-Sittin' And A-Rockin',,198,,,,
Just Friends,262,,,,,203
Just In Time,,199,,,,
Just One Of Those Things,,,167,,,
Just Squeeze Me,,,170,,,204
Just The Way You Are,,201,,,,
"Just You, Just Me",,200,,,,206
Kahlil The Prophet,,,,,,207
Kary's Trance,,203,,,,
Katrina Ballerina,,204,,,,
Keep That Same Old Feeling,,,,180,,
Kelo,18,,,,,
Kentucky Oysters,,205,,,,
"Kicker, The",,205,,,,
Kids Are Pretty People,,206,,,,
Killer Joe,,207,,,191,
Killing Me Softly With His Song,,,,183,,
Knock On Wood,,,,,,209
La Fiesta,267,,,,,
La Nevada Blues,,213,,,,
La Samba,,,,184,,
La Vida Feliz,,,,186,,
Ladies In Mercedes,,,171,,,
Lady Bird,269,,,190,,
"Lady Is A Tramp, The",,,173,,,
Lady's Blues,,208,,,,
Lakes,,209,,,,
Lament,270,,,,,
"Lamp Is Low, The",,,,,,212
Las Vegas Tango,271,,,,,
Last First,,,,192,,
Last Nite,,,,,,213
"Last Page, The",,211,,,,
Last Season,,,,,,217
Last Train From Overbrook,,,,194,,
Laura,,210,,,,222
Laurie,,,,195,,
Lazy Afternoon,,,174,,,
Lazy Bird,272,,,,,
Leap Of Faith,,,175,,,
Leila,,214,,,,
Lennie-Bird,,234,,,,
Lennie's Pennies,,215,,,,
Leroy The Magician,273,,,,,
Lester Leaps In,,216,,,,
Let Me Be The One,,,,196,,
Let's Cool One,,217,,,,
Let's Fall In Love,,,367,,192,
Let's Go Dancin',,,,198,,
Let's Stay Together,,,,,,223
Liberated Brother,,218,,,,
Lie Awake,274,,,,,
Lies,,219,,,,
Light As A Feather,,220,,,,
Like A Lover (O Cantador),,,,,193,
"Like Father, Like Son",,,,,195,
Like Someone In Love,275,,,200,,
Like Sonny,,221,,,197,
Li'l Darlin',,,176,,,
Limbo,,213,,,,
Limehouse Blues,276,,,,,
Line For Lyons,,,177,201,,
Lisa,,,,,200,
Litha,277,,,,,225
Little B's Poem,279,,,,,
"Little Chicago Fire, A",,222,,,,
Little Face,,,179,,,
Little Girl Blue,,,181,,,
Little Niles,280,,,,,
Little Rootie Tootie,,416,,,,
Little Sunflower,,223,,202,,
Little Waltz,283,,,204,,
Little Willie Leaps,,,178,,,
Little Wind,,,,,201,
Liturgy,281,,,,,
Locomotion,,224,,,,
Lone Jack,,225,,,,
Lonely Dreams,,227,,,,
Lonely Woman,,,,,,227
Long Ago And Far Away,285,,,205,,
Long As You Know You're Living Yours,284,,,,,
"Long View, The",,,183,,,
Lonnie's Lament,286,,,,,
Look At The Birdie,,,,,,229
Look To The Sky,287,,,,,
Looking Back,288,,,,,
"Loop, The",,,185,,,
Loose Ends,,,,,203,
"Lotus On Irish Streams, A",,,186,,,
Loud-Zee,,,187,,,
Love Came On Stealthy Fingers,,,,206,,
Love Dance,,,,208,,
Love For Sale,,229,,,,
Love Letter,,,,,,232
Love Vibrations,,232,,,,
Love Walked In,,,189,,,
Lover,,228,,,,
Lover Man,,231,,,,
Lovers Rain Dance,,,188,,,
Love's Haunts,,,,,,233
Loxodrome,,,,,206,
Lucky Southern,289,,,,,
Lullaby In Rhythm,,,,,,238
Lullaby Of Birdland,290,,,,,
Lullaby Of The Leaves,,,191,,207,
Lulu's Back In Town,,,192,,,
Lunar Tune,,415,,,,
Lush Life,291,,,210,,
Lydian April,,233,,,,
Madagascar,,,,212,,
"Magician In You, The",293,,,,,
Mahjong,299,,,,208,
Maiden Voyage,294,,,,,239
Make Me A Memory (Sad Samba),,,,215,,
Make Someone Happy,,235,,,,
Makin' Whoopee,,,193,,,
Mallet Man,295,,,,,
Mamacita,,,,,,241
Man Facing North,,,,,,245
"Man I Love, The",,236,,,,
Man In The Green Shirt,297,,,,,
Mandala,,,195,,,
Manha De Carneval,,,,,209,
Manhattan,,,196,,,
Manteca,,417,,,,
"Masquerade Is Over, The",,,,,211,
"Masquerade, This",,237,,371,,
Matinee Idol,,,,216,,
Matrix,,,197,,,
May Dance,300,,,,,
Mayreh,,238,198,,,
Mean To Me,,,,,213,
"Meaning Of The Blues, The",,,199,,,
Meditation,301,,,,,
Mellow Mood,,239,,,,
Memories Of Tomorrow,302,,,,,
Memories Of You,,240,,,214,
Memphis Underground,318,,,,,
Menina Flor,,241,,,,
"Mercy, Mercy, Mercy",,242,,218,,
Metamorphosis,,,,,,249
Mevlevia,303,,,,,
Mi Boj A Samba,,,201,,,
Michelle,305,,,,,
Midland,,,,,215,
Midnight Mood,306,,,,,
Midnight Silence,,,,,,253
"Midnight Sun Will Never Set, The",,,,221,,
"Midnight Sun, The",,,203,220,,
Midwestern Nights Dream,494,,,,,
Milano,307,,,,,
Miles Ahead,,243,,,,
Milestones,,,200,,,
Mine Is Yours,,,,,217,
Minor Mishap,,244,,,,
Minor Mood,,245,,,,
Minority,308,,,,,
Misty,309,,,447,,
Miyako,310,,,,,
Mo' Joe,,,,,219,
Moak's Shop,,246,,,,
Moanin',,247,,,,
Modadji,,,,222,,
Modesty Blues,,248,,,,
Molten Glass,311,,,,,
Moment To Moment,,,205,,,
Moment's Notice,312,,,,223,
Monk On The Run,,,,,,255
Monkey's Uncle,,,,226,,
Monk's Mood,,241,,225,,
Monk's Sphere,,250,,,,
"Monster & The Flower, The",,,207,,,
Montage,313,,,,,
Mood Indigo,314,,,,226,
Moon and Sand,,,209,,,259
Moon Germs,315,,,,,
Moonchild,106,,,,,
Moonglow,,251,,,,262
Moonlight In Vermont,,,206,231,,
Moonlight Serenade,,,,,,264
Moonrays,,252,,,227,
Moontide,,,,,231,
Moontrane,,253,,,,
Moose The Mooche,,254,,,,
"More I See You, The",316,,,,,
More Love,,,,,237,
More Than You Know,,,,,487,
Mornin',,,,232,,
Morning,,255,,,,
Morning Dance,,,,234,,
Morning Sprite,,,,,241,
Moten's Swing,,256,,,,
Mother Of The Dead Man,317,,,,,
Mountain Greenery,,,211,,,
Move,,257,,,,
Moving Out,,258,,,,
Mozambique,,,,,243,
"Mr. Broadway, Theme From",,259,,,,
Mr. Clean,,234,,236,,
Mr. Gone,,,,238,,
Mr. Jin,20,,,,,
Mr. Jones,,260,,,,
Mr. Magic,,261,,,,
Mr. P.C.,318,,,,246,
Mr. Sims,,262,,,,
Mrs. Miniver,,263,,,,
Muezzin',,264,212,,,
My Attorney Bernie,,,,240,,
My Favorite Things,319,,,,,
My Foolish Heart,320,,,,,
My Funny Valentine,321,,,,,
My Girl,,,,,,265
My Heart Stood Still,,,215,,,
My Little Boat,322,,,,,
My Little Suede Shoes,,265,,,,
My Man's Gone Now,,,213,,,
My Old Flame,,266,,,,
My One And Only Love,323,,,,,
My Romance,324,,,242,,
My Shining Hour,,,,243,,
My Ship,327,,,,247,
Mysterious Traveler,325,,,,,
Mystic Touch,,250,,,,
Naima,328,,,,250,
Nancy Joe,,272,,,,
Napanoch,,,,,251,
Nardis,329,,,,,
"Natives Are Restless Tonight, The",,,,,253,
Natural Selection,,,,,256,
Nature Boy,,267,,244,,
Neal's Blues,,,216,,,
"Nearness Of You, The",,268,,,,
"Necessary Blonde, The",,,,,257,
Nefertiti,330,,,245,,
Never Alone,,,,,263,
Never Givin' Up,,,,246,,
Never Let Me Go,,,217,,,
Never Make Your Move Too Soon,,,,250,,
Never Said (Chan's Song),,,,,,267
Never Will I Marry,331,,,,265,
New Boots,,,,,,269
"New Thing, A",,269,,,,
Next Future,,,,,,271
Nica's Dream,332,,,,267,
Nice 'N Easy,,,218,,,
Nigerian Marketplace,,,,252,,
Night And Day,333,,,,,
Night Dreamer,334,,,,272,
"Night Has A Thousand Eyes, The",335,,,,,
"Night We Called It A Day, The",,,219,,,
"Nightingale Sang In Berkeley Square, A",,,220,,,
Nightlake,,,,253,,
Nightmood (Lembra),,,,,275,
Nimbus,336,,,,,
No Me Esqueca,,270,,254,,
No Moe,,271,,,,
No Moon At All,,,,,490,
No Splice,,275,,,,
No Way Out,,,,,,273
Nobody Else But Me,,,221,,,
Nonsequence,337,,,,,
North Atlantic Run,,273,,,,
Nostalgia In Times Square,339,,,,,
Not Ethiopia,,,,256,,
Nothing Personal,,,,258,,
"Now He Beats The Drum, Now He Stops",,,222,,,
"Now He Sings, Now He Sobs",,,223,,,
Nowhere To Run,,,,,,277
Now's The Time,,272,,,,
Number 6,,,224,,,
Nutville,,276,,,277,
Ode to the Doo Da Day,,,,,281,
Off Flow,,,,,,279
Off Minor,,277,,260,,
Oh Lady Be Good!,,278,,,,
Old Devil Moon,,279,,,,
Old Folks,,,225,,,
Ole,,,,,287,
Oleo,340,,,262,,
Olhos De Gato,341,,,,,
Olinoqui Valley,21,,,,,
On A Clear Day,,280,226,,,
On Green Dolphin Street,,,,,,283
On The Sly,,,227,,,
On The Stairs,,285,,,,
On The Street Where You Live,,,229,,,
On The Sunny Side of the Street,,,297,,289,
On The Trail,,284,,,,
Once in a While,,281,,,290,
"One Bird, One Stone",,,,,,285
One By One,,282,,,,
One Family,,,,264,,
One Finger Snap,343,,,,,290
One Foot In The Gutter,,283,,,,
One For Daddy-O,,283,,,,
One For My Baby (And One More For The Road),,,,266,,
One Note Samba,344,,,,,
Only You Know,,,231,,,
Ooo Baby Baby,,,,,,291
"Open Your Eyes, You Can Fly",345,,,,,
Opus De Funk,,285,,,,293
Orbits,347,,,,,
Ornithology,348,,,,,
Our Delight,,,235,,,
Our Love Is Here To Stay,,286,,,,
Out A Day,,,,,,295
Out Back Of The Barn,,287,,,,
Out Of Nowhere,349,,,,,
Out Of This World,,,233,268,,
Over The Rainbow,,,236,,,297
Ow!,,,237,,,
Oye Como Ya,,410,,,,
Oz,,,,270,,
P.Y.T. (Pretty Young Thing),,,,294,,
Palo-Alto,,289,,,,
Panhandle Hook,,,239,,,
Pannonica,,288,,,,
Papa Lips,,,,272,,
Partido Alto,,,,274,,
Part-Time Lover,,,,,,299
"Party's Over, The",,,238,,,
Passion Dance,350,,,,,
Passport,,,241,,,
Patterns,,291,,,,
Patz Blues,,,242,,,
Peace,353,,,,292,
Peaches En Regalia,351,,,,,
Pearlie's Swine,354,,,,,
Pee Wee,355,,,,,
Peep,,,,,293,
Peggy's Blue Skylight,356,,,,,
Pendulum,,,,,,303
Pennies From Heaven,,293,,,,
Penny Arcade,,294,,,,
Pensativa,357,,,,,
Pent Up House,359,,,278,,
People,,,243,,,
People Will Say We're In Love,,289,,,,
Perdido,,295,,,299,
"Perfect Love, Jamala",22,,,,,
Perhaps,,,245,,,
Peri's Scope,360,,,,300,
Petite Fleure,,300,,,,
Petits Machins,,301,,,,
Pfrancing (No Blues),,,,,,
Phase Dance,,303,,,,
Picadilly Lilly,,,246,,,
Pick Yourself Up,,302,,,,
Pinocchio,362,,,,,
Pithycanthropus Erectus,363,,,,,
Plain Jane,23,,,,,
Played Twice,364,,,,,
Plaza Real,,,,280,,
Poinciana,,,247,,,
Point Of Return,,,248,,,
Polkadots And Moonbeams,,304,,286,,
Poor Butterfly,,,249,,,
Portrait Of Jennie,,305,,,,
Portrait Of Tracy,,,,288,,
Portsmouth Figurations,365,,,,,
Power Play,,,,,301,
"Preacher, The",,307,,,,
Prelude To A Kiss,366,,,,,304
"Pretty Girl Is Like A Melody, A",,,250,,,
Prince Of Darkness,367,,,,,
Prism,,,251,,,
Progression,,306,,,,
Promenade,,,,290,,
Promise,,,,,,305
"Promise, The",,,,,304,
Punjab,,,,,,307
Pure Imagination,,,252,,,
Pursuance,,307,,,,
Pussy Cat Dues,368,,,,,
Put It Where You Want It,,,,292,,
Pyramid,,,,,,309
Question Mark,,,,,,312
Quicksilver,,308,,,305,
Quiet Girl,,,,,307,
Quiet Now,369,,,,,
Quintessence,,,,296,,
Rahsaan's Run,,,253,,,
Rain Waltz,,,,,315,
Rainland,,,,,,313
Ramblin',,314,,,,
Rapture,,,,297,,
"Raven, The",370,,,,,
Re: Person I Knew,,,255,299,,
"Reach Out, I'll Be There",,,,,,319
"Real Guitarist, The",371,,,,,
Real Life,,,,,,321
Recado Bossa Nova,,309,,,,
Recordame,372,,,,,
Red Clay,375,,,,,
Red Cross,,310,,,,
Red's Blues,,,,,,324
Reflections,24,,,,,
Reincarnation Of A Lovebird,373,,,300,,
Relaxin' At Carmarillo,,,256,,,
Relentless,,,,,,325
"Remark You Made, A",,311,,,,
Remember Hymn,,,,,320,
Remember Rockefeller At Attica,,,,303,,
Re-Re,,,254,,,
Resolution,376,,,,,
Respect,,,,,,327
Revelation,,,,,,329
Rhythm-A-Ning,,316,,,,
Riddles,,,,,,333
Rio,,,,304,,
Ritual,,,,,,335
River People,,,,307,,
Road Song,25,,,,,
Robbin's Nest,,313,,310,,
Rockin' Chair,,,,,321,
Room 608,,,259,,,
Rosetta,,,,,322,
Rosewood,,,257,,,
'Round Midnight,377,,,,,
Round Trip,,314,,,,
Rubberneck,,315,,,,
Ruby,,,,,,337
"Ruby, My Dear",,,,312,,
Rush Hour,,,,314,,
Safari,,,,316,,
Saga Of Harrison Crabfeathers,378,,,,,
Sail Away,,,,,,339
Sailing at Night,,,,,323,
Saint James Infirmary,,332,,,,
Saint Thomas,,322,260,,,
Salt Peanuts,,317,,,,
Samba De Orfeu,,,261,,,
Samba Du Bois,,318,,,,
Sambacide,,,265,,,
Same Shame,379,,,,,
Sandu,,319,,320,,
Santurce,,,263,,,
Satin Doll,380,,,321,,
Save Your Love For Me,,,,322,,
"Scene Is Clean, The",,418,,,,
Scotch 'N' Soda,381,,,,,
Scrapple From The Apple,382,,,,,
Sea Journey,383,,,,325,
Seabrook Revisited,,,266,,,
Search For Peace,,,,325,,
"Second Time Around, The",,,,,,342
Secret Love,,,267,,,
Seems To Me,,,269,,,
Self Portrait In Three Colors,385,,,326,,
Semblence,386,,,,,
Senor Blues,,,,,327,
Senor Mouse,387,,,,,
September In The Rain,,320,,,,
September Song,,321,,,330,
Serenade To A Cuckoo,390,,,,,
Serenade To A Soul Sister,,323,,,,
Serenata,,,,,,343
Serene,,322,,,,
Serenity,,326,,,,
Serpent's Tooth,,,270,,,
Seven Come Eleven,391,,,,,
Seven Steps to Heaven,392,,,,331,
Seventeen West,,324,,,,
Shades Of Light,393,,,,,
"Shadow Of Your Smile, The",394,,,,,346
Shaker Song,,,,328,,
Shaw 'Nuff,,,271,330,,
Shiny Stockings,,325,,,,
Short Riff,,363,,,,
Short Stop,,329,,,,
Short Story,,,,,,347
Shutter Bug,,329,,,,
Sidewinder,395,,,,,
Silver's Serenade,,327,,,333,
Simone,,328,,,,
Simple Samba,,,,332,,
Since We Met,,,,,,349
Sing Me Softly of the Blues,396,,,,338,
Sippin' At Bell's,,332,,,,
Sister Sadie,,331,273,,,
Skating In Central Park,397,,,,,
Skippy-ing,,,,,339,
Skylark,,,274,334,,
"Sleepin' Bee, A",,419,275,,,
Slipped Disc,,333,,,,
"Slow, Hot Wind",,335,,,,
"Slowly Gone, Bygone",398,,,,,
Small Day Tomorrow,,,,336,,
Smile Please,,,,,,352
Smoke Gets In Your Eyes,,336,,,,
So In Love,,,277,,,
So Many Stars,,,,,341,
"So Near, So Far",,,,,,353
So What,412,,,,,
Softly As A Morning Sunrise,,337,,,,
Solar,399,,,338,,
Solitude,400,,,,,356
Some Nerve,,,279,,,
Some Other Blues,,326,,,344,
Some Other Time,402,,,,,
Some Skunk Funk,403,,,,,
Someday My Prince Will Come,401,,,339,,
Someone to Light Up My Life,,,,,345,
Someone To Watch Over Me,,338,,,,
Something From Everyone,,,280,,,
Sometime Ago,405,,,,,
Son Of Mr. Green Genes,409,,,,,
Song,406,,,,,
Song For Bilbao,,339,,,,
Song For Lorraine,,,,340,,
Song For My Father,407,,,,347,
Song For My Lady,,324,,,,
Song For Sisyphus,,,281,,,
"Song Is You, The",408,,,342,,
Sonja's Sanfona,,,,344,,
Sonnymoon For Two,,,283,,,
Soon,,,284,,,
Sophisticated Lady,410,,,,349,
"Sorcerer, The",411,,,,,
Soul Eyes,,340,,,,
Soul Sauce (Wachi Wara),,,,348,,
Soultrane,,341,,,,
Sound Lee,,342,,,,
Space Circut Part 1,413,,,,,
Space Circut Part 2,415,,,,,
Spain,495,,,,351,
Speak Like A Child,,343,,,,357
Speak Low,,344,,448,,
Speak No Evil,417,,,349,,
Spiral,,345,,350,,
Spiral Dance,418,,,,,
Spirit Samba,,,285,,,
Spring Can Really Hang You Up the Most,,346,287,,353,
Spring Is Here,419,,,,,359
Squirrel,,,289,,,
St. Thomas,,,,353,,
Stablemates,,,290,,355,
Stairway To The Stars,,,,,,360
Star Eyes,,348,291,,,361
"Star-Crossed Lovers, The",420,,,,356,
Stardust,,347,,,357,
Stargazer,,,,,359,
Stars Fell On Alabama,,,292,,,364
Steepian Faith,,,,,,365
Steeple Chase,,,293,,,
Stella By Starlight,421,,,,,
Step Lightly,,,,,,367
Steps,422,,,,,
Sticky Wicket,,,,354,,
Still,,,,,362,
Stolen Moments,423,,,,,
Stompin' At The Savoy,424,,,,,369
Stormy Weather,,,294,450,,
Story Line,,,,,363,
Straight Life,,350,,,,
"Straight, No Chaser",425,,,,,
Strayhorn 2,,351,,,,
Street Life,,,,358,,
Street Louis Blues,,349,,,,
Street Of Dreams,,,295,,,370
Strode Rode,,352,,,,
Strollin',,353,,,365,
Struttin' With Some Bar-B-Q,,354,,,,
Stuff,426,,,,,
Sub Aqua,,,,,,371
Sub-Conscious-Lee,,355,,,,
Sudden Samba,,,,361,,
Sugar,427,,,,,376
Summer in Central Park,,356,,,369,
"Summer Knows, The",,357,,,,
Summer Samba,428,,,,,
Summer Time,,330,,,,
Sunny,,,296,,,
Sunrunner,,,,362,,
Sunshine Express,,358,,,,
Super Blue,,,,,,377
Swedish Pastry,429,,,,,
Sweeping Up,213,,,,,
Sweet and Lovely,,,,,372,
Sweet Georgia Bright,430,,,,,
Sweet Georgia Brown,,360,,,,
Sweet Henry,431,,,,,
Sweet Lorraine,,,298,,,379
Sweet Love,,,,,,381
Sweet Rain,432,,,,,
"Sweetest Sounds, The",,359,,,,
Swing Dentz Swing,,,299,,,
Swing Shift,,,301,,,
Swinging' Shepherd Blues,,330,,,,
Sy Clone,,,302,,,
Syeeda's Song Flute,,361,,,,
T.B.C. (Terminal Baggage Claim),,,,,373,
T.J.R.C.,,,303,,,
Tadd's Delight,,364,,,,
Take Five,433,,,,,
"Take The ""A"" Train",434,,,364,,
Taking A Chance On Love,,365,,,,383
Tame Thy Pen,435,,,,,
Tangerine,,366,,,,
Tautology,,367,,,,
Tea For Two,,,305,,,
Teach Me Tonight,,,304,,,
Tell Me A Bedtime Story,437,,,,,
Tenderly,,369,,366,,
Tennie's Blues,,368,,,,
Tenor Madness,,383,,,,
That Girl,,,,,,385
That Old Feeling,,,307,,,390
That's All,,,308,,375,
The A704Jitterbug Waltz,,191,165,,,201
The Aerie,,,,,,13
The Boy Next Door,,,44,,46,
The Chase,,66,,,,
The Core,,73,,,,
The Days Of Wine And Roses,118,,,,,
"The Disguise, The Sphinx",17,,,,,
The Dolphin,134,,,,,
The Double Up,,,,,,122
The Drive,,88,,,,
The Duke,140,,,,91,
The End Of A Love Affair,,,82,,,
The Fields We Know,164,,,,,
The Gentle Rain,182,129,,,,138
The Girl From Ipanema,184,,,,,
The Goodbye Look,,,,138,,
The Island,,,,172,,
The Jody Grind,,190,,,,
The Joint Is Jumpin',,,,,485,
The Kicker,,205,,,,
The Lady Is A Tramp,,,173,,,
The Lamp Is Low,,,,,,212
The Last Page,,211,,,,
The Long View,,,183,,,
The Loop,,,185,,,
The Magician In You,293,,,,,
The Man I Love,,236,,,,
The Masquerade Is Over,,,,,211,
The Meaning Of The Blues,,,199,,,
The Midnight Sun,,,203,220,,
The Midnight Sun Will Never Set,,,,221,,
The Monster & The Flower,,,207,,,
The More I See You,316,,,,,
The Natives Are Restless Tonight,,,,,253,
The Nearness Of You,,268,,,,
The Necessary Blonde,,,,,257,
The Night Has A Thousand Eyes,335,,,,,
The Night We Called It A Day,,,219,,,
The Party's Over,,,238,,,
The Preacher,,307,,,,
The Promise,,,,,304,
The Raven,370,,,,,
The Real Guitarist,371,,,,,
The Scene Is Clean,,418,,,,
The Second Time Around,,,,,,342
The Shadow Of Your Smile,394,,,,,346
The Song Is You,408,,,342,,
The Sorcerer,411,,,,,
The Star-Crossed Lovers,420,,,,356,
The Summer Knows,,357,,,,
The Sweetest Sounds,,359,,,,
The Three Marias,,,,372,,
The Thrill Is Gone,,,318,,,
The Thumper,,363,,,,
The Touch Of Your Lips,,,331,,,
The Tracks Of My Tears,,,,,,409
The Very Thought Of You,,,336,,,
The Way You Look Tonight,,395,,408,,
The Whopper,,402,,,,
Their's Tears,,370,314,,,
Them There Eyes,,,,,377,
Theme For Ernie,,,,367,,
Theme From Maxine,,,309,,,
Theme From Mr. Broadway,,259,,,,
Then I'll Be Tired Of You,,,310,,,
There Goes My Heart,,,311,,,
There Is No Greater Love,436,,,,378,
There Will Never Be Another You,439,,,368,,
There's A Lull In My Life,,,,,,393
These Foolish Things (Remind Me Of You),,371,,369,,
They Can't Take That Away From Me,440,,,,,
They Say It's Wonderful,,,313,,,
Things Ain't What They Used To Be,,372,315,,,
Things To Come,,373,,,,
Think On Me,441,,,,,
This Can't Be Love,,,316,,,
This I Dig Of You,,374,,,,
This Is New,,,,,,396
This Masquerade,,237,,371,,
Three And One,,,317,,,
Three Base Hit,,420,,,,
Three Flowers,442,,,,,
Three Hearts Dancing,,,,,379,
Three Little Words,,,,,385,
"Three Marias, The",,,,372,,
Three Vlews Of A Secret,,,,380,,
"Thrill Is Gone, The",,,318,,,
Thriving On A Riff,,375,,,,
"Thumper, The",,363,,,,
Thyme's Time,,,319,,,
Tickle-Toe,,376,,,,
Tidal Breeze,,,321,,,
'Til There Was You,,377,,,386,
Time After Time,,378,,,,
"Time For Love, A",,,322,,,
Time Marches On,,,,,387,
Time Remembered,445,,,,390,
Time Remembers One Time Once,,,,382,,
Time Tracks,,,,,391,
Time Was,,,325,,,
Times Lie,,,323,,,
Tiny Capers,,,326,,,397
Tippin',,379,,,,
'Tis,,,327,,,
To Kill A Brick,,,328,,,
Toad's Place,,381,,,,
Togetherness,,,,,395,
Tokyo Dream,,,,,,399
Tomorrow's Destiny,,380,,,,
Tones For Joan's Bones,443,,,,,
Too Close For Comfort,,,329,,,
Too High,,,,,,403
Too Marvelous For Words,,,330,,,
"Touch Of Your Lips, The",,,331,,,
Tough Talk,446,,,,,
Toy Tune,,,,,,408
"Tracks Of My Tears, The",,,,,,409
Train Samba,447,,,,,
Trance,448,,,,,
Trane's Blues,,383,,,,
Tricrotism,,,332,,,
Triste,449,,,383,,
Tristeza,,,,,398,
Truth,,,,,399,
Tune 88,,,333,,,
Tune Up,450,,,385,,
Tunji,,,,,401,
Tunnel Vision,,,,,403,
Turn Around,,384,,,,
Turn Out The Stars,451,,,,409,
Turn Your Love Around,,,,386,,
Tuzz's Shadow,,,,,,411
Twisted,,368,,388,,
Two Not One,,385,,,,
Un Poco Loco,,,334,,,
Unforgettable,,,335,,411,
Unit Seven,,,,390,,
Unless It's You (Orbit),,,,,412,
Unquity Road,452,,,,,
Up Jumped Spring,453,,,393,,
Up With The Lark,,,,394,,
Upper Manhattan Medical Group,454,,,,,
(Used To Be A ) Cha-Cha,,,,,,413
Valse Hot,26,,,,,
Vashkar,455,,,,,
Veils,,,,,414,
Velas (Velas Icadas),,,,396,,
Velho Piano,,,,,415,
Very Early,456,,,398,,
"Very Thought Of You, The",,,336,,,
Violets For Your Furs,,,337,,,
Virgo,457,,,,,
Vonetta,,386,,,,
Voyage,,,,399,,
Wabash III,,,,,417,
Wail,,,338,,,
Wait Til You See Her,458,,,,,
Walk Of The Negress,,,,,,416
Walk Tall,,389,,,,
Walkin',459,,,,,
Walkin' Shoes,,387,,,,
"Walkin' Thing, A",,388,,,,
Wall Street,,390,,,,
Wall-Eye Blues,,,339,,,
Walter L.,460,,,,,
Waltse For Dave,,,,,419,
Waltz,461,,,,,
Waltz For A Lovely Wife,462,,,,,
Waltz For Debby,463,,,400,,
Waltz New,,,,402,,
Waltzin',464,,,,,
Warm Valley,,,,,,417
Watch What Happens,,391,340,403,,
Water Colors,,392,,,,
Watermelon Man,,,341,,,
Watersign,,393,,,,
Waterwings,,,,404,,
Wave,465,,,406,,
"Way You Look Tonight, The",,395,,408,,
Webb City,,421,,,,
Wee,,,,,,418
Weekend Blues,,396,,,,
We'll Be Together Again,466,,,412,,
"Well, You Needn't",467,,,413,,
Wendy,,397,,,,
Wes Side Stroll,,,343,,,
West Coast Blues,468,,,414,,
What A Difference A Day Made,,,342,,422,
What A Little Moonlight Can Do,,,,,423,
What Am I Here For?,469,,,,,
What Are You Doing The Rest Of Your Life?,470,,,,,419
What Is This Thing Called Love?,473,,,,,
What Kind Of Fool Am I?,,,345,,,
What Was,471,,,,,
What's Going On?,,,,,,421
What's Love Got To Do With It?,,,,,,423
What's New?,,398,,415,,
When All Is Said And Done,,,,,425,
When I Fall In Love,474,,,,,
When I Look In Your Eyes,,,,,,425
When Lights Are Low,,399,,,,427
When Sunny Gets Blue,475,,,,,
When The Sun Comes Out,,,346,,,
When Your Lover Has Gone,,,347,,,
Whenever Your Heart Wants To Sing,,,,,427,
Where Are You?,476,,,,,429
Where Is Love?,,,,416,,
Where Or When,,,348,,,
While We're Young,,,349,,431,
Whisper Not,,400,,,433,
Who Can I Turn To?,,401,350,417,,
"Whopper, The",,402,,,,
Why Did I Choose You,,,351,,,
Wildflower,477,,,418,,
Will You Say You Will,,,,,435,
Will You Still Be Mine,,,352,,437,
Willow,,,,,439,
Willow Weep For Me,,403,,419,,
Wind Sprint,,,,,441,
Windows,479,,,,444,
Wings Of Karma,481,,,,,
Wise One,,,,,445,
Witch Hunt,482,,,,,
Witchcraft,,,353,420,,
With Every Breath I Take,,,354,,,
Without A Song,,,,,491,
Woody 'N You,483,,,,448,
Words,,,,,449,
Work Song,,406,,,,
Wow,,404,,,,
Wrap Your Troubles In Dreams,,,355,,493,
Wrong Is Right,,405,,,,
Yana Amina,,407,,,,
Yardbird Suite,,407,,,,
Yes And No,484,,,421,,
Yesterday,485,,,,,
Yesterdays,486,,,422,,
You & The Night & The Music,,,356,,,
You Are So Beautiful,,,,,,430
You Are The Sunshine Of My Life,487,,,,,
You Are Too Beautiful,488,,,,,
You Better Leave It Alone,,406,,,,
You Do Something To Me,,,357,,,
You Don't Know What Love Is,489,,,,,
You Fascinate Me So,,,,,453,
You Go To My Head,,,359,,,
You Make Me Feel So Young,,,358,,,
You Must Believe In Spring,,,361,,,431
You Say You Care,,,,,495,
You Stepped Out Of A Dream,,409,,,,433
You Took Advantage Of Me,490,,,,,
You'd Be So Nice To Come Home To,,410,,,,
Young Rabbits,,,,423,,
Younger Than Springtime,,,365,,,
Your Mind Is On Vacation,,,,424,,
You're Everything,,,363,,455,
You're My Everything,,,,,459,
Yours Is My Heart Alone,,,366,,,
You've Changed,,,362,,,434
