728,312,RB2
12-4 2-4/DUPLICITIES,128,RB1
317 E. 32nd St,352,JLTD
502 BLUES,153,RB1
52nd Street Theme,93,RB2
720 In The Books,339,JLTD
A Bid For,1,JLTD
A CALL FOR ALL DEMONS,1,RB1
A CHILD IS BORN,2,RB1
A FAMILY JOY,4,RB1
A FINE ROMANCE,3,RB1
A FOGGY DAY,6,RB1
A Little Sweet,5,JLTD
A NIGHT IN TUNISIA,7,RB1
Ablution,1,RB2
Adams Apple,2,JLTD
Affirmation,2,RB2
Afreaka,3,JLTD
Africaine,18,JLTD
AFRICAN FLOWER,8,RB1
AFRO BLUE,9,RB1
After Fact,17,JLTD
After You,1,RB3
After You've Gone,2,RB3
AFTERNOON IN PARIS,10,RB1
Ah-leu-cha,10,JLTD
Ain't It The Truth,4,JLTD
Ain't Misbehavin',3,RB3
Air Conditioning,6,JLTD
AIREGIN,11,RB1
Airmail Special,3,RB2
Aisha,5,JLTD
Alanjuneally,6,RB3
ALFIE,1,RB1A
Alfie's Theme,4,RB2
ALICE IN WONDERLAND,12,RB1
All Alone,5,RB2
ALL BLUES,13,RB1
All Cr Nothing At All,4,RB3
All God's Chillun Got Rhythm,6,RB2
ALL IN LOVE IS FAIR,14,RB1
All Members,6,JLTD
ALL MY TOMORROWS,15,RB1
ALL OF ME,16,RB1
ALL OF YOU,17,RB1
ALL THE THINGS YOU ARE,18,RB1
All Too Soon,7,JLTD
Almost Like Being In Love,8,JLTD
ALONE TOGETHER,19,RB1
Along Came Betty,7,RB3
Altoitis,7,RB2
Always And Forever,8,RB3
Amor Sonador,9,JLTD
An Oscar For Treadwell,12,JLTD
ANA MARIA,20,RB1
"AND NOW, THE QUEEN",22,RB1
AND ON THE THIRD DAY,23,RB1
ANGEL EYES,24,RB1
Angela,9,RB3
Another Star,8,RB2
ANTHROPOLOGY,25,RB1
Anti Climax,13,JLTD
April,10,RB2
April Head,11,JLTD
APRIL IN PARIS,26,RB1
APRIL JOY,27,RB1
April Skies,9,RB2
Aquarius,13,JLTD
Are They Only Dreams,14,JLTD
"ARISE, HER EYES",28,RB1
ARMAGEDDON,30,RB1
Armando's Rhumba,10,RB3
AROUND AGAIN,22,RB1
Arriving Soon,12,JLTD
AS TIME GOES BY,31,RB1
Ask Me Now,12,RB2
At Last,15,JLTD
AU PRIVAVE,32,RB1
Autumn In 3,12,RB3
AUTUMN IN NEW YORK,33,RB1
AUTUMN LEAVES,36,RB1
Autumn Liebs,16,JLTD
Autumn Nocturne,13,RB3
Avalon,13,RB2
Avalon Place,14,RB3
"AY, ARRIBA!",34,RB1
Azule Serape,16,JLTD
Baby Breeze,19,JLTD
Background Music,20,JLTD
Backstage Sally,14,RB2
Bags And Traie,15,RB2
Bags' Groove,16,RB2
Bakai,22,JLTD
Ballad For Anita,15,RB3
Ballad For Trane,16,RB3
"Ballad, A (ferry Mulligan)",44,JLTD
BALLET,37,RB1
Ba-Lue Bolivar Ba-Lues-Are,20,RB2
Band Aid,21,JLTD
Barbados,17,RB2
Barbara,18,RB2
"Bark for Barsdale, A",18,JLTD
Basin Street Blues,19,RB2
Batter Up,24,JLTD
BATTERIE,38,RB1
Be Bop,21,RB2
Be My Love,18,RB3
Beach Wise,47,JLTD
Bea's Flat,23,JLTD
Beatrice,23,JLTD
Beautiful Friendship,17,RB3
BEAUTIFUL LOVE,39,RB1
BEAUTY AND THE BLAST,40,RB1
Beethoven's Blue 3rd,20,RB2
Bemsha Swing,22,JLTD
BENEATH IT ALL,41,RB1
Berkshire Blues,25,JLTD
Berrie's Tune,24,RB3
Beside Myself,20,RB3
"Bess, You Is My Woman Now",22,RB3
BESSIE'S BLUES,42,RB1
Best Thing For You Is Me,25,RB3
Better Git It In Your Soul,22,RB2
Better Git It In Your Soul,26,RB3
BEWITCHED,43,RB1
Beyond All Limits,23,RB2
"Beyond The Bluebird,",27,RB3
Big Bear,27,JLTD
Big Ben,26,JLTD
Big Bertha,28,JLTD
BIG NICK,44,RB1
Big P,404,RB2
Big Push The,30,JLTD
Billie's Bounce,24,RB2
Bills' Hit Tune,205,RB2
Bird Calls,28,JLTD
Birdland,26,RB2
Birds Mother,31,JLTD
Birk's works,37,RB2
Birth Of The Blues,25,RB2
BITTER SUITE IN THE OZONE,45,RB1
Black,32,JLTD
Black And Tan Fantasy,28,RB2
Black Bats and Poles,33,JLTD
BLACK DIAMOND,46,RB1
Black Eyes,34,JLTD
BLACK MONDAY,2,RB1A
BLACK NARCISSUS,47,RB1
BLACK NILE,48,RB1
BLACK ORPHEUS,49,RB1
BLESSED RELIEF,50,RB1
Bloomdido,29,RB2
Blue A La Mode,32,RB2
Blue And Sentimental,30,RB2
BLUE BOSSA,51,RB1
BLUE COMEDY,52,RB1
Blue Concept,38,JLTD
Blue Daniel,28,RB3
Blue Fable,36,JLTD
Blue Hawk,39,JLTD
BLUE IN GREEN,53,RB1
Blue Lace,37,JLTD
BLUE MONK,54,RB1
Blue Moon,31,RB2
BLUE ROOM,55,RB1
Blue Samba,39,JLTD
Blue Seven,33,RB2
Blue Silver,35,RB2
Blue Skies,40,JLTD
BLUE TRAIN,58,RB1
Bluebird,29,RB3
Blues Backstage,30,RB3
Blues By Five,33,RB2
Blues Connotation,32,RB2
BLUES FOR ALICE,57,RB1
Blues For Philly Joe,34,RB2
Blues For Wood,34,RB2
Blues In The Closet,36,RB2
Blues Peru,38,JLTD
BLUESETTE,56,RB1
Bob Movers Bossa Nova,41,JLTD
Bockhanal,24,JLTD
BODY AND SOUL,59,RB1
Bohemia After Dark,406,RB2
Bolivia,31,RB3
Bones From !ones,29,JLTD
Bongo Hop,47,JLTD
Boogie Stop Shuffle,38,RB2
Booker's Waltz,39,RB2
"Bop Boy,",34,RB3
Bop City,49,JLTD
Bop Shop,32,RB3
BOPLICITY,60,RB1
Born To Be Blue,35,RB3
"Bossa Rokka ,",36,RB3
BOSTON MARATHON,61,RB1
Bottoms Up,35,JLTD
Bouncing With Bud,40,RB2
"Boy Next Door, The",37,RB3
Boy What A Night,43,JLTD
BRAINVILLE,62,RB1
Branilian Beat,41,RB2
"Breakthrough, The",43,JLTD
Brian's Song,42,RB2
Bridgitte,45,JLTD
Bright Blues,49,JLTD
Bright Boy,43,RB2
Bright Moments,44,RB2
BRIGHT SIZE LIFE,64,RB1
Brilliant Corners,45,RB2
BROADWAY BLUES,65,RB1
Brown Skin Girl,46,RB2
Brownie Speaks,46,JLTD
BROWNOUT,66,RB1
Bruh Slim,48,JLTD
Bud Powell,38,RB3
Budo,47,RB2
Bud's Blues,40,RB3
Bud's Bubble,48,RB2
Bud's Idea,48,JLTD
Buhaina's Delight,50,JLTD
Bunko,49,RB2
Busch-Wacked,41,RB3
Buster Rides Again,37,RB2
Busy B's,42,JLTD
BUT BEAUTIFUL,67,RB1
But Not For Me,50,RB2
Butch and Butch,51,JLTD
BUTTERFLY,68,RB1
Buzzy,42,RB3
By Myself,43,RB3
"Bye Bye Baby,",44,RB3
Bye Bye Blackbird,51,RB2
Bye-Ya,51,JLTD
Byrdlike,407,RB2
C- Jam Blues,55,RB2
C.T.A.,72,JLTD
Can't We Be Friends,52,RB2
Cantelope Island,62,JLTD
CANYON SONG,72,RB1
CAPTAIN,70,RB1
Caravan,53,RB2
Careful,54,RB2
Careful,45,RB3
Careless Love,55,RB2
Cariba,88,JLTD
Carly and Carole,54,JLTD
Casa de Luz,56,JLTD
Cascades,53,JLTD
Cat Walk,55,JLTD
Catch Me,56,RB2
Cathy,52,JLTD
Celia,46,RB3
CENTRAL PARK WEST,156,RB1
CEORA,73,RB1
"Certain Smile, A",48,RB3
C'est What,57,RB2
Chameleon,58,RB2
Charcoal Blues,54,JLTD
Chariots,49,RB3
Charles Christopher Parker,63,JLTD
"Chase, The",59,RB2
Chasin' The Train,62,RB2
Chasing the Bird,52,JLTD
Cheek To Cheek,50,RB3
Cheese Cake,60,RB2
CHEGA DE SAUDADE,74,RB1
CHELSEA BELLS,76,RB1
CHELSEA BRIDGE,77,RB1
CHEROKEE,78,RB1
Cheryl,53,RB3
Cheshire Cat Walk,57,JLTD
Chesney,58,JLTD
CHICKEN FEATHERS,79,RB1
Chief Crazy Horse,59,JLTD
Children Of The Night,70,JLTD
CHILDREN'S SONG,80,RB1
CHIPPIE,85,RB1
Chronic Blues,60,JLTD
Circle,61,RB2
Circumstantial,61,JLTD
Close Enough For Love,54,RB3
COLORS OF CHLOE,82,RB1
Come Rain Or Come Shine,63,RB2
COME SUNDAY -88,88,RB1
Comin' Home Baby,64,RB2
Comin' On The Hudson,61,JLTD
Comin'Down,64,JLTD
COMO EN VIETNAM,86,RB1
Compensation,55,RB3
"Comrad,Conrad",65,JLTD
CON ALMA,89,RB1
CONCEPTION,90,RB1
CONFERENCE OF THE BIRDS,91,RB1
Confessin (That I Love You),65,RB2
CONFIRMATION,92,RB1
Connies Bounce,67,JLTD
Consternation,69,JLTD
CONTEMPLATION,3,RB1A
Contemplation,66,JLTD
Cookin',66,RB2
Cookin' At The Continental,64,JLTD
Cool Blues,64,RB2
Cool Eyes,56,RB3
"Cool One, The",68,JLTD
CORAL,93,RB1
CORCOVADO,94,RB1
"Core, The",66,RB2
"Cork ""N"" Bib",70,RB2
COTTONTAIL,95,RB1
COULD IT BE YOU,96,RB1
COUNTDOWN,97,RB1
COUNTRY ROADS,98,RB1
Cousin Mary,62,RB2
CRABFEATHERS,365,RB1
Crazeology,67,RB2
Crepuscule With Nellis,62,JLTD
CRESCENT,99,RB1
Crescent City,71,JLTD
Crisis,56,JLTD
Criss/Cross,68,RB2
Cry Me A River,58,RB3
CRYSTAL SILENCE,100,RB1
Cunga Black,73,JLTD
Cut Of This World,226,RB3
Cute,69,RB2
Cyclic Episode,73,JLTD
DAAHOUD,101,RB1
Dacapolypso,60,RB3
Dahomey Dance,74,JLTD
Dakar,75,JLTD
Dance Cadaverous,76,JLTD
Dance Of The Infidels,74,JLTD
DANCING ON THE CEILING,102,RB1
DARN THAT DREAM,103,RB1
Dat Dere,77,JLTD
Day Dream,59,RB3
"Day In Vienna, A",71,RB2
"Day In, Day Out",62,RB3
DAY WAVES,106,RB1
DAYS AND NIGHTS WAITING,104,RB1
"DAYS OF WINE AND ROSES, THE",105,RB1
DE POIS DE AMOR O'VAZIO,110,RB1
DEAR OLD STOCKHOLM,108,RB1
Dear Old Stockholm,78,JLTD
DEARLY BELOVED,107,RB1
Deception,79,JLTD
Decidedly,80,JLTD
Decision,408,RB2
Deep Purple,72,RB2
Dee's Dilemma,81,JLTD
Deja Vu,82,JLTD
Del Sasser,83,JLTD
DELORES,109,RB1
Deltitnu,293,JLTD
DELUGE,116,RB1
DESAFINADO,112,RB1
DESERT AIR,114,RB1
Desert Moonlight,84,JLTD
Dewey Square,73,RB2
Dexter,85,JLTD
DEXTERITY,117,RB1
Diane,74,RB2
Did You Call Her Today,87,JLTD
Dig,64,RB3
Dilemma,86,JLTD
Dimples,86,JLTD
Dindi,75,RB2
Dizzy's Business,89,JLTD
DJANGO,120,RB1
Do Nothing Till You Hear From Me,77,RB2
Do You Know What It Means (To Miss New Orleans),80,RB2
DOIN' THE PIG,118,RB1
Doin' The Things,90,JLTD
DOLPHIN DANCE,122,RB1
"DOLPHIN, THE",121,RB1
Domingo,76,RB2
DOMINO BISCUIT,123,RB1
DONNA LEE,124,RB1
Don't Ask Why,66,RB3
DON'T BLAME ME,125,RB1
Don't Ever Go Away,67,RB3
Don't Explain,90,JLTD
DON'T GET AROUND MUCH ANYMORE,126,RB1
Don't Look Back,68,RB3
Doodlin',91,JLTD
Double Clutching,70,RB3
Double Talk,88,JLTD
Down,92,JLTD
Down For Double,78,RB2
Doxy,79,RB2
Dr Jeckyll,89,JLTD
Dream Dancing,71,RB3
"Drive, The",81,RB2
Duff,70,RB2
"DUKE, THE",127,RB1
Duke's Sound Of Love,93,JLTD
E.K.'s Blues,92,RB2
E.T.A.,113,JLTD
Eager Beaver,94,JLTD
Early,95,JLTD
Early Autumn,82,RB2
Early Spring,107,JLTD
East Of The Sun,72,RB3
EASY LIVING,129,RB1
EASY TO LOVE,130,RB1
Ebony Moonbeams,96,JLTD
Ecaroh,104,JLTD
ECCLUSIASTICS,131,RB1
Eclipse (Henderson),97,JLTD
Eclipse (Mingus),97,JLTD
Eclypso,83,RB2
Edda,98,JLTD
EIDERDOWN,132,RB1
Eighth Day The,99,JLTD
EIGHTY ONE,134,RB1
Ein Bein Strauss,100,JLTD
Einbahnstrasse,92,RB2
EL GAUCHO,135,RB1
El Toro,103,JLTD
Elevation,100,JLTD
ELIZETE,136,RB1
Ellipsis (Helias),101,JLTD
Ellipsis (Rivers),102,JLTD
Elora,84,RB2
Elsa,102,JLTD
Elvin Sir Jones,103,JLTD
Emanon,73,RB3
Embraceable You,85,RB2
Emily,74,RB3
EMPATHY,137,RB1
Empathy,105,JLTD
Enchance,86,RB2
"End Of A Love Affair, The",75,RB3
Endlessly,76,RB3
Epilogue,87,RB2
EPISTROPHY,138,RB1
EQUINOX,139,RB1
EQUIPOISE,140,RB1
Erlcloth,106,JLTD
Eronel,107,JLTD
Escapade,108,JLTD
ESP,141,RB1
Estate,78,RB3
Estimated Time Of Arrival,109,JLTD
Etemal Triangle,79,RB3
Eternal Triange,114,JLTD
Evening In Concert,88,RB2
Evergreenish,110,JLTD
Every Now And Then,111,JLTD
Every Time I See You,112,JLTD
Everything Happens To Me,82,RB3
Everything I Have Is Yours,89,RB2
Everything I Love,83,RB3
Evidence,112,JLTD
Ev'ry Time We Say Good Bye,80,RB3
EXERCISE #3,142,RB1
EXERCISE #6,143,RB1
Exodus,115,JLTD
Eye Of The Hurricane,90,RB2
Ezz-thetic,91,RB2
FABLES OF FAUBUS,144,RB1
Face Dancer,118,JLTD
Fair Weather,116,JLTD
FALL,146,RB1
FALLING GRACE,147,RB1
FALLING IN LOVE WITH LOVE,148,RB1
Fanhandle Hook,232,RB3
Farkle Flakes,129,JLTD
Fat Lady,117,JLTD
Father,84,RB3
Favela,85,RB3
FEE-FI-FO-FUM,149,RB1
FEELINGS AND THINGS,150,RB1
Feels So Good,94,RB2
Fell Like Makin' Love,86,RB3
"FIELDS WE KNOW, THE",151,RB1
Fine And Dandy,119,JLTD
First Moves,96,RB2
First Trip,97,RB2
Five,120,JLTD
Five Brothers,98,RB2
FIVE HUNDRED MILES HIGH,152,RB1
Five Spot After Dark,104,RB2
Five-Four Thing,121,JLTD
FLAGS,156,RB1
Flamingo,122,JLTD
Flim Flam,99,RB2
Flintstone's Theme,100,RB2
Florences Fantasy,123,JLTD
"Flower Is A Lonesome Thing, A",101,RB2
Flowers For A Lady,124,JLTD
Fly By Night,102,RB2
Fly Me To The Moon,106,RB2
Flying Home,105,RB2
FOLLOW YOUR HEART,154,RB1
Fools Rush In,107,RB2
FOOTPRINTS,157,RB1
Footprints,62,JLTD
For Harry Carney,126,JLTD
FOR HEAVENS SAKE,159,RB1
For Heavens' Sake,87,RB3
For Miles And Miles,124,JLTD
For Minors Only,108,RB2
For Regulars Only,128,JLTD
FOREST FLOWER,158,RB1
Forgetful,125,JLTD
FORTUNE SMILES,160,RB1
FOUR,161,RB1
Four Brothers,109,RB2
FOUR ON SIX,162,RB1
Four Others,130,JLTD
FOUR WINDS,163,RB1
FourIn One,117,JLTD
Fox Hunt,110,RB2
"Foxhorn Song,The",131,JLTD
Freddie Froo,111,RB2
FREDDIE THE FREELOADER,164,RB1
Free,116,RB2
"Free Cell Block ""F"", Tis Nazi USA",112,RB2
Free Wheeling,130,JLTD
FREEDOM JAZZ DANCE,165,RB1
Freight Trane,88,RB3
French Spice,132,JLTD
French Waltz,89,RB3
Friday The 13th,114,RB2
Friday The 13th,90,RB3
From Now On,91,RB3
From the Heart,92,RB3
From This Moment On,94,RB3
Full Moon and Empty Arms,95,RB3
Fun To Be Fooled,127,JLTD
Funk Dumplin,104,RB2
Funk In Deep Freeze,133,JLTD
Funkallero,96,RB3
Funky,116,RB2
Fuschia Swing Song,133,JLTD
Gail,134,JLTD
Games People Play,117,RB2
Gandolfo's Bounce,134,JLTD
Gary's Notebook,136,JLTD
GARY'S WALTZ,166,RB1
Gaslight,135,JLTD
Gaviota,98,RB3
GEMINI,167,RB1
GENERAL MOJO'S WELL LAID PLAN,168,RB1
GENTLE RAIN,169,RB1
Gentle Rain,122,RB2
Gentle Wind And Falling Tear,118,RB2
Georgia,119,RB2
Get Out Of Town,120,RB2
Gettin' It Togetha',117,RB2
"Ghost Of A Chance, A",121,RB2
GIANT STEPS,170,RB1
Gibraltar,137,JLTD
Giggin' And Drinkin',139,JLTD
Ginseng People,138,JLTD
"GIRL FROM IPANEMA, THE",171,RB1
Girl Talk,122,RB2
GLORIA'S STEP,172,RB1
Gnid,139,JLTD
Gnu Blu,97,RB3
Go,140,JLTD
GOD BLESS THE CHILD,173,RB1
Godchild,100,RB3
GOLDEN LADY,174,RB1
Golden Notebooks,124,RB2
Gone With The Wind,101,RB3
Good Bait,123,RB2
GOOD EVENING MR AND MRS AMERICA,176,RB1
Good Spirits,141,JLTD
Goodbye,102,RB3
GOODBYE PORKPIE HAT,175,RB1
Goswell,142,JLTD
Got A Match?,103,RB3
GRAND CENTRAL,178,RB1
Granted,141,JLTD
GREEN DOLPHIN STREET,179,RB1
GREEN MOUNTAINS,180,RB1
"Greene St Caper, The",143,JLTD
Greenwich,144,JLTD
Gregory Is Here,126,RB2
Gregory Is Here,145,JLTD
Gringo The,146,JLTD
Groove Merchant,128,RB2
Groove Yard,129,RB2
GROOVIN' FISH,181,RB1
Groovy Samba,130,RB2
GROW YOUR OWN,182,RB1
Guijira,179,JLTD
H&H,112,RB3
"Half Dozens, The",147,JLTD
HALF NELSON,184,RB1
Happiness Is A Thing Called Joe,151,JLTD
Harlem Nocturne,104,RB3
Harold's House Of Jazz,148,JLTD
HASSAN'S DREAM,185,RB1
HAVE YOU MET MISS JONES,186,RB1
Hayseed,153,JLTD
Heartsong,106,RB3
HEAVEN,187,RB1
"HELLO, YOUNG LOVERS",188,RB1
HENNINGER FLATS,190,RB1
HERE'S THAT RAINY DAY,191,RB1
HERZOG,192,RB1
HEY THERE,194,RB1
Heyoke,149,JLTD
High Hopes,108,RB3
High Wire The Aerialist,110,RB3
Hoe Down,150,JLTD
Hold 'Em Joe,154,JLTD
HOLD OUT YOUR HAND,195,RB1
Homage,152,JLTD
Homestretch,147,JLTD
Homework,153,JLTD
Hot House,113,RB3
HOTEL HELLO,198,RB1
HOTEL OVERTURE,196,RB1
HOTEL VAMP,197,RB1
House Of Chan,155,JLTD
HOUSE OF JADE,201,RB1
How About You,114,RB3
How Deep Is The Ocean,115,RB3
HOW HIGH THE MOON,202,RB1
HOW INSENSITIVE,203,RB1
How Long Has This Been Going On,116,RB3
HOW MY HEART SINGS,204,RB1
"HULLO, BOLINAS",205,RB1
Hypochristmutreefuzz,156,JLTD
I Believe In You,150,RB2
I CAN'T GET STARTED,208,RB1
I Concentrate On You,118,RB3
I COULD WRITE A BOOK,209,RB1
I Cover The Waterfront,152,RB2
I Didn't Know About You,157,JLTD
I Didn't Know What Time It Was,117,RB3
I Fall In Love Too Easily,120,RB3
I Get A Kick Out Of You,158,RB2
I Get Along Without You Very Well,160,JLTD
"I GOT IT BAD ,",213,RB1
I Got Rhythm,158,JLTD
I Hear A Rhapsody,160,RB2
I Left My Heart In San Francisco,121,RB3
I LET A SONG GO OUT OF MY HEART,214,RB1
I LOVE YOU,215,RB1
I Loves You Porgy,128,RB3
I MEAN YOU,219,RB1
I Need You Here,122,RB3
I Only Have Eyes For You,168,JLTD
I Remember Bird,161,JLTD
I REMEMBER CLIFFORD,235,RB1
I Remember You,169,RB2
I SHOULD CARE,237,RB1
I Surrender Dear,167,JLTD
I Thought About You,174,RB2
I Waited For You,174,JLTD
I Will Wait For You,179,RB2
I Wish You Love,124,RB3
I Won't Be Back,175,JLTD
ICARUS,206,RB1
Ice Cream Konitz,149,RB2
ICTUS,38,RB1
IDA LUPINO,210,RB1
Idol Gossip,153,RB2
If I Loved You,154,RB2
If I Should Lose You,155,RB2
If I Were A Bell,156,RB2
If You Could See Me Now,157,RB2
IF YOU NEVER COME TO ME,212,RB1
III Wind,142,RB3
I'll Be Around,126,RB3
I'll Be Seeing You,129,RB3
I'll Close My Eyes,130,RB3
I'LL REMEMBER APRIL,218,RB1
I'll Take Romance,131,RB3
I'm A Fool To Want You,161,RB2
I'M AFRAID,6,RB1A
I'M ALL SMILES,216,RB1
I'm Gettin' Sentimental Over You,163,RB2
I'm Glad There Is You,132,RB3
I'm In The Mood For Love,159,JLTD
I'm Old Fashioned,133,RB3
I'm On My Way,171,JLTD
I'm Through With Love,134,RB3
I'M YOUR PAL,221,RB1
Imagination,162,RB2
IMPRESSIONS,220,RB1
In A Capricornian Way,143,RB3
IN A MELLOW TONE,222,RB1
In A Mist,162,JLTD
IN A SENTIMENTAL MOOD,223,RB1
In Case You Haven't Heard,164,RB2
In Don's Kitchen,158,JLTD
In Her Family,144,RB3
In Love In Vain,145,RB3
In Pursuit Of The 27th Man,167,RB2
In Salah,165,JLTD
In the Days of Our Love,146,RB3
In Walked Bud,168,RB2
IN YOUR OWN SWEET WAY,232,RB1
IN YOUR QUIET PLACE,233,RB1
Incentive,165,RB2
INCHWORM,224,RB1
INDIAN LADY,225,RB1
Indian Summer,148,RB3
Indiana,166,RB2
Inez,163,JLTD
INNER URGE,229,RB1
INSIDE IN,226,RB1
INTERPLAY,230,RB1
INTREPID FOX,231,RB1
Introspection,166,JLTD
"Invisible, The",163,JLTD
INVITATION,234,RB1
IRIS,236,RB1
Irv's At Midnight,149,RB3
Is It Really True?,171,RB2
Isabel The Liberator,170,JLTD
Isfahan,150,RB3
Island Birdie,170,RB2
ISN'T IT ROMANTIC,238,RB1
ISOTOPE,239,RB1
ISRAEL,240,RB1
It All Comes Back To You,172,JLTD
It Could Happen To You,172,RB2
It Could Only Happen With You,164,JLTD
IT DON'T MEAN A THING,241,RB1
It Had To Be You,173,RB2
It Happens Every Day,169,JLTD
It Might As Well Be Spring,176,RB2
It Never Entered My Mind,151,RB3
IT'S A RAGGY WALTZ,242,RB1
It's All Right With Me,152,RB3
It's Only A Paper Moon,175,RB2
It's You Or No One,154,RB3
It's You Or No One For Me,173,JLTD
I've Found A New Baby,178,RB2
I've Got A Crush On You,135,RB3
I've Got The World On A String,136,RB3
I've Got You Under My Skin,138,RB3
I've Grown Accustomed To Your Face,140,RB3
I've Never Been In Love Before,141,RB3
Jackie,179,RB2
Jaco,180,RB2
Jaguar,176,JLTD
"Japanese Waltz, A",155,RB3
Je Ne Sais Pas,182,RB2
Jeannine,181,RB2
JELLY ROLL,243,RB1
Jersey Bounce,156,RB3
Jeru,178,JLTD
JINRIKISHA,244,RB1
Jitterbug Waltz,184,RB2
Jitterbug Waltz,158,RB3
Jive Samba,157,RB3
Joanna,177,JLTD
Jodo,180,JLTD
"Jody Grind, The",183,RB2
Joe Maini,177,JLTD
JORDU,245,RB1
Jorgie's,186,RB2
Joshua,182,JLTD
Joshua C,183,JLTD
JOURNEY TO RECIFE,246,RB1
JOY SPRING,247,RB1
Joy To The World,188,RB2
Joyce's Samba,187,RB2
Juicy Lucy,181,JLTD
JU-JU,248,RB1
Julian,162,RB3
Jump For Me,189,RB2
JUMP MONK,250,RB1
Jumping With Symphany Sid,188,RB2
"JUNE 15th, 1967",252,RB1
Just A Few,190,RB2
Just A-Sittin' and A-Rockin',191,RB2
Just By Myself,184,JLTD
JUST FRIENDS,249,RB1
Just In Time,192,RB2
Just One Of Those Things,160,RB3
Just Squeeze Me,163,RB3
Just The Way You Are,194,RB2
"Just You, Just Me",193,RB2
Kaleidoscope,187,JLTD
Kary's France,196,RB2
Katrina Ballerina,197,RB2
KELO,5,RB1A
Kentucky Oysters,198,RB2
"Kicker, The",198,RB2
Kids Are Pretty People,199,RB2
Kiki And Mingus,185,JLTD
Killer Joe,200,RB2
Kryptonite,185,JLTD
LA FIESTA,254,RB1
La Mesha,189,JLTD
La Nevada Blues,206,RB2
Ladies In Mercedes,164,RB3
LADY BIRD,256,RB1
Lady Day,188,JLTD
"Lady Is A Tramp, The",166,RB3
Lady J,190,JLTD
Lady Sings The Blues,188,JLTD
Lady's Blues,201,RB2
Lakes,202,RB2
LAMENT,257,RB1
Landslide,192,JLTD
LAS VEGAS TANGO,258,RB1
"Last Page, The",204,RB2
Laura,203,RB2
Laurie,194,JLTD
Lazy Afternoon,167,RB3
LAZY BIRD,259,RB1
Leap Of Faith,168,RB3
Left Alone,192,JLTD
Leila,207,RB2
Lennie-Bird,227,RB2
Lennie's Pennies,208,RB2
LEROY THE MAGICIAN,260,RB1
Lester Leaps In;,209,RB2
Lester Left Town,193,JLTD
Let's Call This,196,JLTD
Let's Cook One,210,RB2
Let's Fall In Love,198,JLTD
Liberated Brother,211,RB2
Licea,195,JLTD
LIE AWAKE,261,RB1
Lies,212,RB2
Light As A Feather,213,RB2
Light Blue,195,JLTD
Li'I Darlin',169,RB3
LIKE SOMEONE IN LOVE,262,RB1
Like Sonny,214,RB2
Lil's Paradise,197,JLTD
Limbo,206,RB2
LIMEHOUSE BLUES,263,RB1
Line For Lyons,170,RB3
Lion's Den,200,JLTD
Lisa (Feldman),201,JLTD
Lisa (Montolieu),200,JLTD
LITHA,264,RB1
LITTLE B'S POEM,266,RB1
"Little Chicago Fire, A",215,RB2
Little Face,172,RB3
Little Girl Blue,174,RB3
Little Linda,186,JLTD
Little Melonae,196,JLTD
LITTLE NILES,267,RB1
Little Rootie Tootie,409,RB2
Little Sheri,202,JLTD
Little Sunflower,216,RB2
Little Susan,204,JLTD
LITTLE WALTZ,270,RB1
Little Willie Leaps,171,RB3
LITURGY,268,RB1
Locomotion,217,RB2
Lodgellian Mode,206,JLTD
Lone Jack,218,RB2
Lonely Dreams,220,RB2
Lonely Town,207,JLTD
LONG AGO AND FAR AWAY,272,RB1
LONG AS YOU KNOW YOU'RE LIVING YOURS,271,RB1
"Long View, The",176,RB3
Long Yellow Road,208,JLTD
LONNIE'S LAMENT,273,RB1
Look For The Silver Lining,199,JLTD
LOOK TO THE SKY,274,RB1
LOOKING BACK,275,RB1
"Loop,The",178,RB3
Lost,209,JLTD
Lost Love,210,JLTD
"Lotus On Irish Streams, A",179,RB3
Loud-Zee,180,RB3
Louise,211,JLTD
Love Dance,212,JLTD
Love For Sale,222,RB2
Love Poem,203,JLTD
Love Vibrations,225,RB2
Love Walked In,182,RB3
-Lover,221,RB2
Lover Man,224,RB2
Lovers Rain Dance,181,RB3
LUCKY SOUTHERN,276,RB1
LULLABY OF BIRDLAND,277,RB1
Lullaby Of The Leaves,184,RB3
Lulu's Back In Town,185,RB3
Luminescence,205,JLTD
Lunar Tune,408,RB2
Lunarcy,214,JLTD
LUSH LIFE,278,RB1
Lydian April,226,RB2
Lydian Dream,215,JLTD
Lyresto,213,JLTD
Macpherson Struts Again,216,JLTD
Mademoiselle Mabry,217,JLTD
Madison Avenue,216,JLTD
"MAGICIAN IN YOU, THE",280,RB1
Maid In Mexico,218,JLTD
MAIDEN VOYAGE,281,RB1
Maidens Of Cadiz,220,JLTD
MAJOONG,286,RB1
Make Someone Happy,228,RB2
Makin' Whoopee,186,RB3
MALLET MAN,282,RB1
Mamacita,221,JLTD
Man,221,JLTD
"Man I Love, The",229,RB2
MAN IN THE GREEN SHIRT,284,RB1
Mandala,188,RB3
Manhattan,189,RB3
Manteca,410,RB2
Margerine,223,JLTD
Marilia,224,JLTD
Marionette,222,JLTD
Marmaduke,222,JLTD
Mary's Blues,223,JLTD
Masquerade,230,RB2
Masqularo,218,JLTD
Mating Call,219,JLTD
Matrix,190,RB3
MAY DANCE,287,RB1
May-Reh,231,RB2
Mayreh,191,RB3
Mean Lene,226,JLTD
Mean To Me,227,JLTD
"Meaning Of The Blues, The",192,RB3
MEDITATION,288,RB1
Mellow Mood,232,RB2
Memo To Maurice,226,JLTD
MEMORIES OF TOMORROW,289,RB1
Memories Of You,233,RB2
MEMPHIS UNDERGROUND,305,RB1
Menina Flor,234,RB2
"Mercy, Mercy, Mercy",235,RB2
MEVLEVIA,290,RB1
Mi Boj A Samba,194,RB3
MICHELLE,292,RB1
MIDNIGHT MOOD,293,RB1
Midnight Sun,196,RB3
MILANO,294,RB1
Miles Ahead,236,RB2
Miles Mode,227,JLTD
Milestones,193,RB3
Minha Saudade,228,JLTD
Minor Mishap,237,RB2
Minor Mood,238,RB2
Minor Strain,225,JLTD
MINORITY,295,RB1
Miss Ann (1 & 2),229,JLTD
MISTY,296,RB1
MIYAKO,297,RB1
Moak's Shop,239,RB2
Moanin',240,RB2
Modesty Blues,241,RB2
Mohawk,230,JLTD
MOLTEN GLASS,298,RB1
Moment To Moment,198,RB3
MOMENT'S NOTICE,299,RB1
Monking Business,232,JLTD
Monks Dream,233,JLTD
Monk's Mood,234,RB2
Monk's Sphere,243,RB2
"Monster & The Flower, The",200,RB3
MONTAGE,300,RB1
Mood For Maude,236,JLTD
MOOD INDIGO,301,RB1
Moon And Sand,202,RB3
MOON GERMS,302,RB1
Moon Glow,244,RB2
Moon Rays,245,RB2
MOONCHILD,93,RB1
Moonlight In Vermont,199,RB3
Moontrane,246,RB2
Moose The Mooche,247,RB2
"MORE I SEE YOU, THE",303,RB1
Morning,248,RB2
Morning Dance,234,JLTD
"Morpo ,,",219,JLTD
Moten's Swing,249,RB2
MOTHER OF THE DEAD MAN,304,RB1
Mountain Greenery,204,RB3
Move,250,RB2
"Movin' In, Movin' Out",237,JLTD
Movin'AlongÂ°,235,JLTD
Moving Out,251,RB2
"Mr Broadway, Theme From",252,RB2
Mr Clean,227,RB2
MR JIN,7,RB1A
Mr Jones,253,RB2
Mr Kenyata,230,JLTD
Mr Magic,254,RB2
Mr Misha And Little Lilly,231,JLTD
MR PC,305,RB1
Mr Sims,255,RB2
Mrs Miniver,256,RB2
Muezzin,257,RB2
Muezzin',205,RB3
MY FAVORITE THINGS,306,RB1
MY FOOLISH HEART,307,RB1
MY FUNNY VALENTINE,308,RB1
My Heart Stood Still,208,RB3
My Ideal,238,JLTD
MY LITTLE BOAT,309,RB1
My Little Suede Shoes,258,RB2
My Mama Don Tol' Me,238,JLTD
My Man's Gone Now,206,RB3
My Old Flame,259,RB2
MY ONE AND ONLY LOVE,310,RB1
MY ROMANCE,311,RB1
MY SHIP,314,RB1
Myako,237,JLTD
MYSTERIOUS TRAVELER,312,RB1
Mystic Touch,243,RB2
Mystique,239,JLTD
Myth,239,JLTD
"N ight We Called It A Day, The",212,RB3
NAIMA,315,RB1
Nancy Joe,265,RB2
Nancy With The Laughing Face,241,JLTD
NARDIS,316,RB1
Nature Boy,260,RB2
Nature Boy,241,JLTD
Neal's Blues,209,RB3
"Nearness Of You, The",261,RB2
NEFERTITI,317,RB1
Never Let Me Go,210,RB3
NEVER WILL I MARRY,318,RB1
New Bag Blues,242,JLTD
"New Thing, A",262,RB2
Newcomer,243,JLTD
NICA'S DREAM,319,RB1
Nica's Tempo,244,JLTD
Nice'N Easy,211,RB3
NIGHT AND DAY,320,RB1
NIGHT DREAMER,321,RB1
NIGHT HAS A THOUSAND EYES,322,RB1
Night Train,240,JLTD
"Nightingale Sang In Berkeley Square, A",213,RB3
Nights At The Turntable,236,JLTD
NIMBUS,323,RB1
No Me Esqueca,263,RB2
No Moe,264,RB2
No Splice,268,RB2
No Ties,245,JLTD
Nobody Else But Me,214,RB3
NONSEQUENCE,324,RB1
North Atlantic Run,266,RB2
NOSTALGIA IN TIMES SQUARE,326,RB1
November 68th,247,JLTD
November Afternoon,246,JLTD
Now He Beats The Drum-Now He Stops,215,RB3
"Now He Sings, Now he Sobs",216,RB3
Now's The Time,265,RB2
Nuages,248,JLTD
Number 4,249,JLTD
Number 6,217,RB3
Nutville,269,RB2
Obsequious,249,JLTD
Off Minor,270,RB2
Oh Lady Be Good!,271,RB2
Oh No,252,JLTD
Oh You Crazy Moon,251,JLTD
Old Devil Moon,272,RB2
Old Folks,218,RB3
OLEO,327,RB1
OLHOS DE GATO,328,RB1
OLINOQUI VALLEY,8,RB1A
On A Clear Day,273,RB2
On A Clear Day,219,RB3
On The Quee-Tee,255,JLTD
On The Sly,220,RB3
On The Stairs,277,RB2
On The Street Where You Live,222,RB3
On The Trail,270,RB2
ONCE I LOVED,329,RB1
Once In Awhile,274,RB2
Once Upon A Summertime,253,JLTD
One By One,275,RB2
ONE FINGER SNAP,330,RB1
One Foot In The Gutter,276,RB2
One For Daddy-0,278,RB2
One For My Baby,250,JLTD
ONE NOTE SAMBA,331,RB1
One With One,254,JLTD
Only You Know,224,RB3
"OPEN YOUR EYES, YOU CAN FLY",332,RB1
Oppornockity Tunes But Once,255,JLTD
Opus 3 (Charles Mingus),256,JLTD
Opus 4 (Charles Mingus),257,JLTD
Opus De Funk,278,RB2
"Orange Was The Color Of Her Dress, Then Silk Blue",258,JLTD
Orbit,259,JLTD
ORBITS,334,RB1
Organ Grinder,260,JLTD
Original Untitled Ballad,260,JLTD
ORNITHOLOGY,335,RB1
Our Delight,228,RB3
Our Love Is Here To Stay,279,RB2
Our Man Higgins Man,263,JLTD
Out,261,JLTD
Out Back,261,JLTD
Out Back Of The Barn,280,RB2
OUT OF NOWHERE,336,RB1
Out Of The Night,261,JLTD
Out There,263,JLTD
"Outlaw, The",262,JLTD
Over The Rainbow,229,RB3
Ow!,230,RB3
Oye Como Ya,403,RB2
Palo-Alto,282,RB2
Pamela's Passion,264,JLTD
Pannonica,281,RB2
Parisian Thoroughfare,266,JLTD
Parker 51,268,JLTD
"Party's Over, The",231,RB3
Pass It On,270,JLTD
PASSION DANCE,337,RB1
Passport,234,RB3
Pat 'N' Chat,267,JLTD
Pats New Samba,265,JLTD
Patterns,284,RB2
Pawnee Junction,270,JLTD
PEACE,340,RB1
PEACHES EN REGALIA,338,RB1
Peaches 'N Cream,269,JLTD
PEARLIE'S SWINE,341,RB1
Pedro's Time,269,JLTD
PEE WEE,342,RB1
Peg,272,JLTD
PEGGY'S BLUE SKYLIGHT,343,RB1
Pennies From Heaven,286,RB2
Penny Arcade,287,RB2
PENSATIVA,344,RB1
PENT-UP HOUSE,346,RB1
People,236,RB3
People Will Say We're In Love,292,RB2
Perdido,288,RB2
Perdido Line,290,RB2
Peresina,271,JLTD
"PERFECT LOVE, JAMALA",9,RB1A
Perhaps,238,RB3
PERI'S SCOPE,347,RB1
Petite Fleure,293,RB2
Petits Machins,294,RB2
PFRANCING (NO BLUES),348,RB1
Phase Dance,296,RB2
Philly Mignon,264,JLTD
Picadilly Lilly,239,RB3
Pick Yourself Up,295,RB2
Picture Of Health,273,JLTD
Ping Pong,274,JLTD
PINOCCHIO,349,RB1
PITHYCANTHROPUS ERECTUS,350,RB1
PLAIN JANE,10,RB1A
Platz Blues,235,RB3
PLAYED TWICE,351,RB1
Played Twice,273,JLTD
Playground,275,JLTD
Plight,276,JLTD
Poinciana,240,RB3
Point Of Return,241,RB3
Polka Dots And Moonbeams,297,RB2
Poor Butterfly,242,RB3
Port Rico Rock,277,JLTD
Portrait Of Jennie,298,RB2
PORTSMOUTH FIGURATIONS,352,RB1
Pragression,299,RB2
"Preacher, The",300,RB2
PRELUDE TO A KISS,353,RB1
"Pretty Girl Is Like A Melody, A",243,RB3
Prince Albert,278,JLTD
PRINCE OF DARKNESS,354,RB1
Prince Of Darkness,265,JLTD
Prism,244,RB3
Pure Imagination,245,RB3
Pursuance,300,RB2
PUSSY CAT DUES,355,RB1
Pyramid,279,JLTD
Quartet No 2 Part 2,280,JLTD
Quick Step,283,JLTD
Quicksilver,301,RB2
Quiet Fire,281,JLTD
QUIET NOW,356,RB1
Quintile,282,JLTD
R.F.K.,288,JLTD
Rahsaan's Run,246,RB3
Rainbow Seeker,285,JLTD
Ramblin',307,RB2
Rapuzel,292,JLTD
"RAVEN, THE",357,RB1
Re; Person I Knew,248,RB3
Ready Rudy,284,JLTD
"REAL GUITARIST, THE",358,RB1
Rebel Without A Cause,284,JLTD
Recado Bossa Nova,302,RB2
Receipt Please,283,JLTD
RECORDAME,359,RB1
RED CLAY,362,RB1
Red Cross,303,RB2
REFLECTIONS,11,RB1A
Reflections,286,JLTD
Reincarnation Blues,286,JLTD
REINCARNATION OF A LOVEBIRD,360,RB1
Relaxin' At Carmarillo,249,RB3
"Remark You Made, A",304,RB2
Remember Rockerller At Attica,287,JLTD
Re-Re,247,RB3
RESOLUTION,363,RB1
Resonant Emotions,288,JLTD
Retsim B,289,JLTD
Reverie,290,JLTD
Rhythm-A-Ning,309,RB2
Rhythm-A-Ning,297,JLTD
Richards Tune,289,JLTD
Rio,291,JLTD
Riot,291,JLTD
RJ,293,JLTD
ROAD SONG,12,RB1A
Robbin's Nest,306,RB2
Rocker,294,JLTD
Room 608,252,RB3
Rosewood,250,RB3
Rotation,295,JLTD
Rouge,296,JLTD
ROUND MIDNIGHT,364,RB1
Round Trip,307,RB2
Route 4,296,JLTD
Rubberneck,308,RB2
Ruby My Dear,297,JLTD
S Matter,317,JLTD
Sabra,298,JLTD
Sack 0' Woe,298,JLTD
Sad Eyes,299,JLTD
Sadiga,299,JLTD
Safari,300,JLTD
SAGA OF HARRISON,1,RB1
Saint James Infirmary,325,RB2
Saint Thomas,315,RB2
Saint Thomas,253,RB3
Saint Thomas,303,JLTD
Salt Peanuts,310,RB2
Salute To The Bandbox,301,JLTD
Samba De Orfeu,254,RB3
Samba Du Bois,311,RB2
Sambacide,258,RB3
SAME SHAME,366,RB1
Sandu,312,RB2
Sans Souci,302,JLTD
Santurce,256,RB3
SATIN DOLL,367,RB1
"Scene Is Clean, The",411,RB2
Schizophrenia,304,JLTD
Scotch And Water,305,JLTD
SCOTCH 'N' SODA,368,RB1
Scourn',305,JLTD
SCRAPPLE FROM THE APPLE,369,RB1
SEA JOURNEY,370,RB1
Seabrook Revisited,259,RB3
Secret Love,260,RB3
Seeds Of Sin,306,JLTD
Seems To Me,262,RB3
SELF PORTRAIT IN 3 COLORS,372,RB1
SEMBLENCE,373,RB1
Send One Your Love,309,JLTD
SENJOR MOUSE,374,RB1
September In The Rain,313,RB2
September Song,314,RB2
SERENADE TO A CUCKOO,377,RB1
Serenade To A Soul Sister,316,RB2
Serenata,308,JLTD
Serene,315,RB2
Serenity,319,RB2
Serpent's Tooth,263,RB3
SEVEN COME ELEVEN,378,RB1
SEVEN STEPS TO HEAVEN,379,RB1
Seventeen West,317,RB2
Seventh Avenue,313,JLTD
SHADES OF LIGHT,380,RB1
SHADOW OF YOUR SMILE,381,RB1
Shaky Jake,310,JLTD
Shaw Nuff,264,RB3
Shiny Stockings,318,RB2
Shirley,311,JLTD
Short Count,311,JLTD
Short Politician,312,JLTD
Short Riff,356,RB2
Short Stop,322,RB2
Shutter Bug,322,RB2
SIDEWINDER,382,RB1
Sid's Ahead,312,JLTD
Silver's Serenade,320,RB2
Simone,321,RB2
SING ME SOFTLY OF THE BLUES,383,RB1
Sing No Blues,326,JLTD
Sippin' At Bell's,325,RB2
Sister Sadie,324,RB2
Sister Sadie,266,RB3
Sixth Sense,314,JLTD
SKATING IN CENTRAL PARK,384,RB1
Skippy,315,JLTD
Sky Dive,316,JLTD
Skylark,267,RB3
"Sleepin' Bee, A",268,RB3
"Sleeping Bee, A",412,RB2
Slipped Disc,326,RB2
"Slow, Hot; Wind",328,RB2
"SLOWLY GONE, BYGONE",385,RB1
Smoke Gets In Your Eyes,329,RB2
Sno Peas,317,JLTD
So Dolt,318,JLTD
So In Love,270,RB3
"So Near, So Far",319,JLTD
SO WHAT,399,RB1
Softly As A Morning Sunrise,330,RB2
SOLAR,386,RB1
SOLITUDE,387,RB1
Some Nerve,272,RB3
Some Other Blues,319,RB2
SOME OTHER TIME,389,RB1
SOME SKUNK FUNK,390,RB1
SOMEDAY MY PRINCE WILL COME,388,RB1
Someone To Watch Over Me,331,RB2
Something Different,318,JLTD
Something From Everyone,273,RB3
SOMETIME AGO,392,RB1
Somewhere Before,313,JLTD
SON OF MR GREEN GENES,396,RB1
SONG,393,RB1
Song For Bilbad,332,RB2
SONG FOR MY FATHER,394,RB1
Song For My Lady,317,RB2
Song For Sisyphus,274,RB3
"SONG IS YOU, THE",395,RB1
"Song Is You, The",327,JLTD
Sonnymoon For Two,276,RB3
Soon,277,RB3
"Soothsayer, The",320,JLTD
SOPHISTICATED LADY,397,RB1
"SORCERER, THE",398,RB1
"Sorcerer, The",323,JLTD
SOS,312,JLTD
Soul Eyes,333,RB2
Soul Surge,323,JLTD
Soultrane,334,RB2
Sound Down,324,JLTD
Sound Lee,335,RB2
Sound Track,324,JLTD
South Street Exit,325,JLTD
SPACE CIRCUS PART 1,400,RB1
SPACE CIRCUS PART 2,402,RB1
Speak Like A Child,336,RB2
Speak Low,337,RB2
SPEAK NO EVIL,404,RB1
Spiral,338,RB2
SPIRAL DANCE,405,RB1
Spirit Samba,278,RB3
Sporty,325,JLTD
Spring Can Really Hang You Up The Most,280,RB3
Spring Can Really Hang You Up The Most,339,RB2
SPRING IS HERE,406,RB1
Squirrel,282,RB3
Stablemates,283,RB3
Stairway To The Stars,333,JLTD
Star Eyes,341,RB2
Star Eyes,284,RB3
STAR-CROSSED LOVERS,407,RB1
Stardust,340,RB2
Stardust,307,JLTD
Stars Fell On Alabama,285,RB3
Steeple Chase,286,RB3
STELLA BY STARLIGHT,408,RB1
Stepping Stone,328,JLTD
STEPS,409,RB1
Stockholm Sweetnin',309,JLTD
STOLEN MOMENTS,410,RB1
STOMPIN' AT THE SAVOY,411,RB1
Stopstart,329,JLTD
Stormy Weather,287,RB3
Straight Ahead,330,JLTD
Straight Life,343,RB2
Straight Street,331,JLTD
Straight Up And Down (Cores),332,JLTD
Straight Up And Down (Dolphy),314,JLTD
"STRAIGHT, NO CHASER",412,RB1
Strayhorn 2,344,RB2
Street Louis Blues,342,RB2
Street Of Dreams,288,RB3
Strode Rode,345,RB2
Strollin',346,RB2
Struttin' With Some Bar-B-Q,347,RB2
STUFF,413,RB1
Sub-Conscious-Lee,348,RB2
Sues Changes,335,JLTD
SUGAR,414,RB1
Summer In Central Park,349,RB2
"Summer Knows, The",350,RB2
Summer Night,334,JLTD
SUMMER SAMBA,415,RB1
Summer Time,323,RB2
"Sunday Kind Of Love, A",322,JLTD
Sunny,289,RB3
Sunny Side Of The Street,290,RB3
Sunshine Express,351,RB2
Sunshower,336,JLTD
Suspended Sentence,337,JLTD
SWEDISH PASTRY,416,RB1
SWEEPING UP,200,RB1
Sweet Basil,338,JLTD
SWEET GEORGIA BRIGHT,417,RB1
Sweet Georgia Brown,353,RB2
SWEET HENRY,418,RB1
Sweet Lorraine,291,RB3
Sweet Pea,337,JLTD
SWEET RAIN,419,RB1
"Sweetest Sounds, The",352,RB2
Swing Dentz Swing,292,RB3
Swing Shift,294,RB3
Swingin' Shepherd Blues,323,RB2
Sy Clone,295,RB3
Syeeda's Song Flute,354,RB2
Syn-Anthesia,310,JLTD
T.J.R.C.,296,RB3
Tadd's Delight,357,RB2
TAKE FIVE,420,RB1
Take It To The Ozone,342,JLTD
"TAKE THE ""A"" TRAIN",421,RB1
Taking A Chance On Love,358,RB2
TAME THY PEN,422,RB1
Tame Thy Pen,340,JLTD
Tangerine,359,RB2
Tank Toon,341,JLTD
Tautology,360,RB2
Tea For Two,298,RB3
Teach Me Tonight,297,RB3
Teenie' Blues,361,RB2
Teeter Totter,342,JLTD
TELL ME A BEDTIME STORY,424,RB1
Tenderly,362,RB2
Tenor Madness,376,RB2
Terry's Chance,343,JLTD
Teru,343,JLTD
That Artt He's All Heart,344,JLTD
That Girl,346,JLTD
That Old Feeling,300,RB3
That's All,301,RB3
That's Earl Brother,345,JLTD
That's Right,345,JLTD
The Blessing,34,JLTD
"THE DISGUISE, THE SPHINX",4,RB1A
Theirs Tears,363,RB2
Their's Tears,307,RB3
Theme For Kareem,347,JLTD
Theme From Maxine,302,RB3
Theme From Mr Broadway,252,RB2
Theme Of No Repeat,348,JLTD
Then I'll Be Tired Of You,303,RB3
There Goes My Heart,304,RB3
THERE IS NO GREATER LOVE,423,RB1
THERE WILL NEVER BE ANOTHER YOU,426,RB1
These Foolish Things (Remind Me Of You),364,RB2
THEY CAN'T TAKE THAT AWAY FROM ME,427,RB1
They Say It's Wonderful,306,RB3
Things Ain't What They Used To Be,365,RB2
Things Ain't What They Used To Be,308,RB3
Things To Come,366,RB2
Think Of One,349,JLTD
THINK ON ME,428,RB1
Third Floor Richard,349,JLTD
This Can't Be Love,309,RB3
This I Dig Of You,367,RB2
This Is New,350,JLTD
This Is The Thing,351,JLTD
This Lovely Feeling,351,JLTD
This Masquerade,353,JLTD
Three And One,310,RB3
Three Base Hit,413,RB2
THREE FLOWERS,429,RB1
"Thrill Is Gone, The",311,RB3
Thriving On A Riff,368,RB2
"Thumb, The",354,JLTD
"Thumper, The",356,RB2
Thursdays Theme,354,JLTD
Thyme's Time,312,RB3
Tickle-Toe,369,RB2
Tidal Breeze,314,RB3
Tidal Breeze,355,JLTD
Till There Was You,370,RB2
Time After Time,371,RB2
"Time For Love, A",315,RB3
TIME REMEMBERED,432,RB1
Time Was,318,RB3
Times Lie,316,RB3
Timewisely,341,JLTD
Tiny Capers,319,RB3
Tiny's Blues,356,JLTD
Tippin',372,RB2
Tis',320,RB3
Tis Autumn,362,JLTD
To Kill A Brick,321,RB3
Toad's Place,374,RB2
Tom Thumb,357,JLTD
Tomato Kiss,356,JLTD
Tomorrow's Destiny,373,RB2
TONES FOR JOAN'S BONES,430,RB1
Too Close For Comfort,322,RB3
Too High,358,JLTD
Too Marvelous For Words,323,RB3
Tootsie Roll,357,JLTD
Toshiko's Elegy,359,JLTD
Totem Pole,360,JLTD
"Touch Of Your Lips, The",324,RB3
TOUGH TALK,433,RB1
Tour De Force,361,JLTD
TRAIN SAMBA,434,RB1
TRANCE,435,RB1
Trane's Blues,376,RB2
Travelin' West,361,JLTD
Tricrotism,325,RB3
Trinkle Tinkle,362,JLTD
Triple Play,363,JLTD
TRISTE,436,RB1
Tune 88,326,RB3
TUNE-UP,437,RB1
Turbo,362,JLTD
Turn Around,377,RB2
TURN OUT THE STARS,438,RB1
Twelve More Bars To Go,347,JLTD
Twisted,361,RB2
Two Bass Hit,364,JLTD
Two Not One,378,RB2
Un Poco Loco,327,RB3
Undercurrent,365,JLTD
Unforgettable,328,RB3
Unit 7,365,JLTD
UNQUITY ROAD,439,RB1
Untitled Tune,478,RB1
Untitled Tune,480,RB1
Untitled Tune,481,RB1
UP JUMPED SPRING,440,RB1
UPPER MANHATTAN MEDICAL GROUP,441,RB1
Valdez In The Country,366,JLTD
VALSE HOT,13,RB1A
Valse Trists,367,JLTD
Variations On The Scene,367,JLTD
VASHKAR,442,RB1
Venus De Milo,368,JLTD
VERY EARLY,443,RB1
"Very Thought Of You, The",329,RB3
Vicky's Dream,369,JLTD
Violets For Your Furs,330,RB3
Viscosity,371,JLTD
"Visit, The",370,JLTD
Vonetta,379,RB2
Vonetta (Earl Klugh),372,JLTD
Wail,331,RB3
Wait Till Forever,375,JLTD
WAIT TILL YOU SEE HER,445,RB1
Walk Tall,382,RB2
Walkin' Shoes,380,RB2
"Walk'in Thing, A",381,RB2
"Walkin' Thing, A",381,RB2
WALKING,446,RB1
Wall Street,383,RB2
Wall-Eye Blues,332,RB3
WALTER L,447,RB1
WALTZ,448,RB1
WALTZ FOR A LOVELY WIFE,449,RB1
WALTZ FOR DERBY,450,RB1
WALTZIN,451,RB1
Watch What Happens,333,RB3
Watch What Happens,384,RB2
Water Babies,373,JLTD
Water Colors,385,RB2
Watermelon Man,334,RB3
Watersign,386,RB2
WAVE,452,RB1
Way To Go,373,JLTD
"Way You Look Tonight, The",388,RB2
Webb City,414,RB2
Wee,374,JLTD
Wee-Dot,377,JLTD
Weekend Blues,389,RB2
WE'LL BE TOGETHER AGAIN,453,RB1
WELL YOU NEEDN'T,454,RB1
Wendy,390,RB2
WEST COAST BLUES,455,RB1
What A Difference A Day Made,335,RB3
WHAT AM I HERE FOR,456,RB1
WHAT ARE YOU DOING THE REST OF YOUR LIFE,457,RB1
WHAT IS THIS THING CALLED LOVE,460,RB1
What Kind Of Fool Am I,338,RB3
WHAT WAS,458,RB1
Whatever Possessed Me,375,JLTD
What's New,391,RB2
WHEN I FALL IN LOVE,461,RB1
When Lights Are Low,392,RB2
WHEN SUNNY GETS BLUE,462,RB1
When The Sun Comes Out,339,RB3
When You Meet Here,376,JLTD
When Your Lover Has Gone,340,RB3
WHERE ARE YOU,463,RB1
Where Or When,341,RB3
Where You At,378,JLTD
While We're Young,342,RB3
While We're Young,377,JLTD
Whisper Not,393,RB2
Who Can I Turn To,394,RB2
Who Can I Turn To,343,RB3
Who Cares?,379,JLTD
"Whopper, The",395,RB2
Why (Lewis),381,JLTD
Why (Wilder),380,JLTD
Why Did I Choose You,344,RB3
Wies Side Stroll,336,RB3
Wiichcraft,346,RB3
Wil I You Still Be Mine,345,RB3
WILD FLOWER,464,RB1
Willie Nillie,382,JLTD
Willow Weep For Me,396,RB2
Wise One,382,JLTD
With Every Breath I Take,347,RB3
Wonder Why,383,JLTD
Work,383,JLTD
Work Song,399,RB2
Wow,397,RB2
Wrap Your Troubles In Dreams,348,RB3
Wrong Is Right,398,RB2
Xlento,384,JLTD
X-Stream,31,JLTD
Yama,389,JLTD
Yana Amina,400,RB2
Yardbird Suite,401,RB2
Yeah,384,JLTD
Yearnin',385,JLTD
Yellow Fields,388,JLTD
YES OR NO,471,RB1
Yes Or No,392,JLTD
YESTERDAY,472,RB1
YESTERDAYS,473,RB1
You,385,JLTD
You & The Night & The Music,349,RB3
YOU ARE THE SUNSHINE OF MY LIFE,474,RB1
YOU ARE TOO BEAUTIFUL,475,RB1
You Better Leave It Alone,399,RB2
You Can't Go Home Again,386,JLTD
You Do Something To Me,350,RB3
YOU DON'T KNOW WHAT LOVE IS,476,RB1
You Go To My Head,352,RB3
You Make Me Feel So Young,351,RB3
You Must Believe In Spring,354,RB3
You Stepped Out Of A Dream,402,RB2
YOU TOOK ADVANTAGE OF ME,477,RB1
You'd Be So Nice To Come Home To,403,RB2
Young And Fine,386,JLTD
Young One For Debra,390,JLTD
Younger Than Springtime,358,RB3
You're Everything,356,RB3
You're My Thrill,389,JLTD
Yours Is My Heart Alone,359,RB3
You've Changed,355,RB3
Zaybar,391,JLTD
Zoom,393,JLTD
